family;top;date
1;1;35
1;2;54
1;3;63
1;4;33
1;5;11
1;6;39
1;7;44
1;8;3
1;9;10
1;10;62
1;11;0
2;1;2
2;2;15
2;3;37
2;4;16
2;5;40
2;6;96
2;7;84
2;8;5
2;9;80
2;10;9
2;11;0
3;1;18
3;2;35
3;3;95
3;4;20
3;5;28
3;6;98
3;7;92
3;8;55
3;9;10
3;10;79
3;11;0
4;1;53
4;2;19
4;3;90
4;4;8
4;5;5
4;6;23
4;7;42
4;8;33
4;9;46
4;10;100
4;11;0
5;1;93
5;2;41
5;3;13
5;4;53
5;5;12
5;6;3
5;7;97
5;8;43
5;9;50
5;10;90
5;11;0
6;1;96
6;2;68
6;3;85
6;4;69
6;5;81
6;6;94
6;7;80
6;8;90
6;9;83
6;10;33
6;11;0
7;1;76
7;2;85
7;3;8
7;4;64
7;5;48
7;6;27
7;7;45
7;8;20
7;9;81
7;10;3
7;11;0
8;1;32
8;2;64
8;3;92
8;4;80
8;5;55
8;6;38
8;7;27
8;8;54
8;9;50
8;10;49
8;11;0
9;1;19
9;2;75
9;3;59
9;4;71
9;5;12
9;6;72
9;7;50
9;8;8
9;9;66
9;10;79
9;11;0
10;1;4
10;2;80
10;3;70
10;4;85
10;5;81
10;6;67
10;7;99
10;8;37
10;9;41
10;10;39
10;11;0
11;1;22
11;2;24
11;3;2
11;4;80
11;5;36
11;6;7
11;7;52
11;8;14
11;9;1
11;10;74
11;11;0
12;1;92
12;2;47
12;3;80
12;4;36
12;5;59
12;6;57
12;7;26
12;8;43
12;9;35
12;10;32
12;11;0
13;1;83
13;2;81
13;3;67
13;4;85
13;5;29
13;6;64
13;7;4
13;8;20
13;9;3
13;10;77
13;11;0
14;1;34
14;2;62
14;3;13
14;4;23
14;5;79
14;6;28
14;7;9
14;8;12
14;9;89
14;10;17
14;11;0
15;1;51
15;2;78
15;3;21
15;4;11
15;5;86
15;6;90
15;7;85
15;8;97
15;9;91
15;10;58
15;11;0
16;1;50
16;2;84
16;3;36
16;4;49
16;5;99
16;6;52
16;7;21
16;8;91
16;9;68
16;10;4
16;11;0
17;1;10
17;2;42
17;3;76
17;4;83
17;5;89
17;6;54
17;7;30
17;8;47
17;9;57
17;10;74
17;11;0
18;1;28
18;2;51
18;3;67
18;4;69
18;5;91
18;6;1
18;7;88
18;8;53
18;9;76
18;10;5
18;11;0
19;1;82
19;2;60
19;3;84
19;4;76
19;5;86
19;6;8
19;7;30
19;8;74
19;9;29
19;10;7
19;11;0
20;1;11
20;2;80
20;3;48
20;4;73
20;5;84
20;6;37
20;7;41
20;8;58
20;9;68
20;10;89
20;11;0
21;1;49
21;2;76
21;3;7
21;4;92
21;5;99
21;6;52
21;7;85
21;8;60
21;9;96
21;10;73
21;11;0
22;1;6
22;2;50
22;3;32
22;4;49
22;5;8
22;6;11
22;7;47
22;8;90
22;9;35
22;10;71
22;11;0
23;1;19
23;2;50
23;3;42
23;4;29
23;5;2
23;6;53
23;7;96
23;8;18
23;9;86
23;10;9
23;11;0
24;1;76
24;2;79
24;3;100
24;4;96
24;5;53
24;6;78
24;7;75
24;8;13
24;9;85
24;10;69
24;11;0
25;1;86
25;2;18
25;3;81
25;4;97
25;5;32
25;6;11
25;7;93
25;8;2
25;9;17
25;10;84
25;11;0
26;1;40
26;2;36
26;3;83
26;4;86
26;5;71
26;6;81
26;7;19
26;8;80
26;9;73
26;10;95
26;11;0
27;1;44
27;2;52
27;3;74
27;4;100
27;5;34
27;6;49
27;7;29
27;8;3
27;9;27
27;10;16
27;11;0
28;1;13
28;2;69
28;3;6
28;4;63
28;5;7
28;6;79
28;7;53
28;8;71
28;9;44
28;10;43
28;11;0
29;1;57
29;2;81
29;3;99
29;4;65
29;5;34
29;6;35
29;7;2
29;8;54
29;9;47
29;10;17
29;11;0
30;1;62
30;2;69
30;3;37
30;4;31
30;5;95
30;6;13
30;7;22
30;8;85
30;9;78
30;10;59
30;11;0
31;1;68
31;2;99
31;3;97
31;4;60
31;5;14
31;6;11
31;7;74
31;8;65
31;9;54
31;10;45
31;11;0
32;1;25
32;2;67
32;3;44
32;4;19
32;5;53
32;6;16
32;7;97
32;8;64
32;9;82
32;10;20
32;11;0
33;1;89
33;2;95
33;3;53
33;4;25
33;5;51
33;6;23
33;7;33
33;8;80
33;9;83
33;10;3
33;11;0
34;1;46
34;2;5
34;3;14
34;4;31
34;5;76
34;6;96
34;7;83
34;8;64
34;9;68
34;10;91
34;11;0
35;1;57
35;2;45
35;3;18
35;4;47
35;5;6
35;6;44
35;7;93
35;8;38
35;9;74
35;10;25
35;11;0
36;1;21
36;2;70
36;3;39
36;4;6
36;5;37
36;6;61
36;7;82
36;8;67
36;9;69
36;10;97
36;11;0
37;1;78
37;2;23
37;3;44
37;4;75
37;5;80
37;6;37
37;7;55
37;8;13
37;9;21
37;10;100
37;11;0
38;1;14
38;2;88
38;3;51
38;4;49
38;5;95
38;6;36
38;7;37
38;8;23
38;9;54
38;10;48
38;11;0
39;1;97
39;2;98
39;3;19
39;4;80
39;5;58
39;6;90
39;7;57
39;8;49
39;9;66
39;10;91
39;11;0
40;1;94
40;2;49
40;3;19
40;4;64
40;5;13
40;6;36
40;7;16
40;8;35
40;9;12
40;10;39
40;11;0
41;1;35
41;2;10
41;3;97
41;4;20
41;5;3
41;6;69
41;7;24
41;8;82
41;9;37
41;10;5
41;11;0
42;1;11
42;2;89
42;3;94
42;4;1
42;5;56
42;6;31
42;7;98
42;8;58
42;9;77
42;10;53
42;11;0
43;1;24
43;2;65
43;3;79
43;4;36
43;5;46
43;6;64
43;7;83
43;8;87
43;9;8
43;10;39
43;11;0
44;1;25
44;2;54
44;3;59
44;4;64
44;5;69
44;6;15
44;7;84
44;8;77
44;9;22
44;10;60
44;11;0
45;1;44
45;2;45
45;3;90
45;4;48
45;5;25
45;6;51
45;7;89
45;8;37
45;9;29
45;10;18
45;11;0
46;1;84
46;2;96
46;3;17
46;4;1
46;5;18
46;6;58
46;7;100
46;8;88
46;9;94
46;10;35
46;11;0
47;1;61
47;2;87
47;3;69
47;4;79
47;5;46
47;6;36
47;7;14
47;8;11
47;9;72
47;10;28
47;11;0
48;1;98
48;2;48
48;3;43
48;4;84
48;5;58
48;6;33
48;7;31
48;8;24
48;9;56
48;10;73
48;11;0
49;1;29
49;2;73
49;3;55
49;4;66
49;5;25
49;6;17
49;7;95
49;8;40
49;9;33
49;10;88
49;11;0
50;1;39
50;2;48
50;3;1
50;4;64
50;5;86
50;6;67
50;7;3
50;8;23
50;9;87
50;10;60
50;11;0
51;1;65
51;2;4
51;3;44
51;4;27
51;5;85
51;6;97
51;7;66
51;8;34
51;9;100
51;10;12
51;11;0
52;1;30
52;2;63
52;3;28
52;4;92
52;5;91
52;6;73
52;7;59
52;8;88
52;9;39
52;10;70
52;11;0
53;1;92
53;2;23
53;3;29
53;4;75
53;5;84
53;6;21
53;7;73
53;8;22
53;9;64
53;10;82
53;11;0
54;1;18
54;2;30
54;3;98
54;4;37
54;5;78
54;6;61
54;7;62
54;8;58
54;9;49
54;10;39
54;11;0
55;1;65
55;2;73
55;3;53
55;4;56
55;5;30
55;6;49
55;7;34
55;8;1
55;9;57
55;10;70
55;11;0
56;1;69
56;2;96
56;3;61
56;4;82
56;5;8
56;6;63
56;7;32
56;8;41
56;9;93
56;10;68
56;11;0
57;1;68
57;2;85
57;3;64
57;4;54
57;5;88
57;6;24
57;7;96
57;8;45
57;9;56
57;10;44
57;11;0
58;1;30
58;2;95
58;3;4
58;4;54
58;5;29
58;6;52
58;7;14
58;8;67
58;9;90
58;10;79
58;11;0
59;1;25
59;2;33
59;3;81
59;4;79
59;5;49
59;6;46
59;7;96
59;8;100
59;9;57
59;10;97
59;11;0
60;1;30
60;2;37
60;3;72
60;4;65
60;5;87
60;6;61
60;7;36
60;8;28
60;9;19
60;10;93
60;11;0
61;1;88
61;2;45
61;3;99
61;4;29
61;5;15
61;6;33
61;7;41
61;8;42
61;9;4
61;10;82
61;11;0
62;1;70
62;2;17
62;3;59
62;4;37
62;5;15
62;6;76
62;7;91
62;8;63
62;9;96
62;10;13
62;11;0
63;1;35
63;2;70
63;3;76
63;4;85
63;5;31
63;6;1
63;7;88
63;8;44
63;9;94
63;10;9
63;11;0
64;1;20
64;2;6
64;3;50
64;4;45
64;5;18
64;6;90
64;7;51
64;8;97
64;9;93
64;10;71
64;11;0
65;1;9
65;2;89
65;3;74
65;4;23
65;5;78
65;6;83
65;7;96
65;8;99
65;9;49
65;10;11
65;11;0
66;1;23
66;2;83
66;3;59
66;4;42
66;5;72
66;6;48
66;7;61
66;8;50
66;9;75
66;10;22
66;11;0
67;1;44
67;2;24
67;3;66
67;4;35
67;5;82
67;6;2
67;7;22
67;8;72
67;9;76
67;10;65
67;11;0
68;1;2
68;2;64
68;3;70
68;4;88
68;5;74
68;6;23
68;7;67
68;8;99
68;9;69
68;10;39
68;11;0
69;1;30
69;2;69
69;3;42
69;4;26
69;5;97
69;6;2
69;7;82
69;8;60
69;9;7
69;10;58
69;11;0
70;1;47
70;2;96
70;3;3
70;4;16
70;5;37
70;6;26
70;7;42
70;8;44
70;9;84
70;10;46
70;11;0
71;1;77
71;2;70
71;3;35
71;4;49
71;5;27
71;6;5
71;7;95
71;8;62
71;9;3
71;10;80
71;11;0
72;1;28
72;2;44
72;3;6
72;4;78
72;5;85
72;6;13
72;7;98
72;8;92
72;9;29
72;10;76
72;11;0
73;1;58
73;2;79
73;3;95
73;4;7
73;5;20
73;6;69
73;7;29
73;8;17
73;9;82
73;10;42
73;11;0
74;1;53
74;2;86
74;3;91
74;4;11
74;5;18
74;6;89
74;7;32
74;8;87
74;9;47
74;10;42
74;11;0
75;1;67
75;2;14
75;3;23
75;4;69
75;5;100
75;6;86
75;7;68
75;8;61
75;9;85
75;10;26
75;11;0
76;1;96
76;2;23
76;3;60
76;4;30
76;5;69
76;6;19
76;7;25
76;8;71
76;9;8
76;10;43
76;11;0
77;1;82
77;2;68
77;3;50
77;4;63
77;5;88
77;6;21
77;7;36
77;8;87
77;9;69
77;10;18
77;11;0
78;1;61
78;2;64
78;3;98
78;4;58
78;5;57
78;6;93
78;7;20
78;8;85
78;9;68
78;10;32
78;11;0
79;1;33
79;2;95
79;3;94
79;4;18
79;5;14
79;6;92
79;7;52
79;8;16
79;9;57
79;10;5
79;11;0
80;1;52
80;2;78
80;3;6
80;4;91
80;5;9
80;6;8
80;7;95
80;8;32
80;9;3
80;10;30
80;11;0
81;1;60
81;2;65
81;3;76
81;4;8
81;5;74
81;6;26
81;7;30
81;8;1
81;9;45
81;10;38
81;11;0
82;1;4
82;2;29
82;3;36
82;4;52
82;5;21
82;6;22
82;7;26
82;8;68
82;9;58
82;10;49
82;11;0
83;1;1
83;2;74
83;3;20
83;4;30
83;5;34
83;6;60
83;7;65
83;8;46
83;9;73
83;10;10
83;11;0
84;1;62
84;2;81
84;3;9
84;4;6
84;5;33
84;6;97
84;7;20
84;8;26
84;9;50
84;10;54
84;11;0
85;1;13
85;2;34
85;3;73
85;4;28
85;5;6
85;6;58
85;7;43
85;8;31
85;9;91
85;10;52
85;11;0
86;1;85
86;2;43
86;3;75
86;4;53
86;5;68
86;6;60
86;7;22
86;8;54
86;9;81
86;10;84
86;11;0
87;1;12
87;2;21
87;3;72
87;4;92
87;5;76
87;6;32
87;7;53
87;8;11
87;9;9
87;10;45
87;11;0
88;1;80
88;2;79
88;3;91
88;4;2
88;5;74
88;6;45
88;7;24
88;8;26
88;9;39
88;10;36
88;11;0
89;1;80
89;2;25
89;3;9
89;4;75
89;5;67
89;6;7
89;7;6
89;8;33
89;9;46
89;10;20
89;11;0
90;1;14
90;2;22
90;3;28
90;4;21
90;5;2
90;6;68
90;7;56
90;8;7
90;9;29
90;10;27
90;11;0
91;1;31
91;2;11
91;3;26
91;4;53
91;5;41
91;6;24
91;7;50
91;8;16
91;9;35
91;10;6
91;11;0
92;1;86
92;2;21
92;3;39
92;4;66
92;5;79
92;6;45
92;7;53
92;8;65
92;9;78
92;10;91
92;11;0
93;1;67
93;2;14
93;3;16
93;4;58
93;5;44
93;6;26
93;7;89
93;8;66
93;9;25
93;10;49
93;11;0
94;1;40
94;2;36
94;3;3
94;4;100
94;5;52
94;6;85
94;7;28
94;8;48
94;9;88
94;10;32
94;11;0
95;1;98
95;2;99
95;3;54
95;4;14
95;5;2
95;6;17
95;7;57
95;8;3
95;9;70
95;10;46
95;11;0
96;1;66
96;2;4
96;3;55
96;4;73
96;5;46
96;6;40
96;7;18
96;8;2
96;9;99
96;10;64
96;11;0
97;1;16
97;2;19
97;3;27
97;4;70
97;5;78
97;6;1
97;7;60
97;8;8
97;9;55
97;10;61
97;11;0
98;1;26
98;2;12
98;3;34
98;4;60
98;5;30
98;6;11
98;7;9
98;8;32
98;9;63
98;10;58
98;11;0
99;1;14
99;2;16
99;3;65
99;4;91
99;5;89
99;6;69
99;7;80
99;8;25
99;9;37
99;10;26
99;11;0
100;1;63
100;2;57
100;3;42
100;4;19
100;5;78
100;6;7
100;7;65
100;8;11
100;9;28
100;10;96
100;11;0
101;1;52
101;2;82
101;3;11
101;4;48
101;5;7
101;6;76
101;7;28
101;8;24
101;9;67
101;10;39
101;11;0
102;1;33
102;2;10
102;3;93
102;4;81
102;5;18
102;6;84
102;7;57
102;8;29
102;9;41
102;10;23
102;11;0
103;1;48
103;2;52
103;3;69
103;4;23
103;5;64
103;6;42
103;7;35
103;8;78
103;9;79
103;10;27
103;11;0
104;1;73
104;2;39
104;3;15
104;4;36
104;5;85
104;6;46
104;7;79
104;8;3
104;9;33
104;10;22
104;11;0
105;1;31
105;2;49
105;3;79
105;4;10
105;5;92
105;6;26
105;7;98
105;8;28
105;9;37
105;10;25
105;11;0
106;1;96
106;2;53
106;3;7
106;4;65
106;5;56
106;6;75
106;7;90
106;8;28
106;9;97
106;10;16
106;11;0
107;1;27
107;2;6
107;3;63
107;4;22
107;5;90
107;6;48
107;7;45
107;8;28
107;9;93
107;10;58
107;11;0
108;1;19
108;2;68
108;3;10
108;4;77
108;5;37
108;6;55
108;7;66
108;8;62
108;9;78
108;10;17
108;11;0
109;1;9
109;2;37
109;3;46
109;4;42
109;5;59
109;6;2
109;7;60
109;8;94
109;9;86
109;10;25
109;11;0
110;1;69
110;2;38
110;3;54
110;4;85
110;5;40
110;6;15
110;7;9
110;8;98
110;9;13
110;10;78
110;11;0
111;1;29
111;2;23
111;3;44
111;4;14
111;5;80
111;6;69
111;7;5
111;8;87
111;9;100
111;10;21
111;11;0
112;1;82
112;2;78
112;3;43
112;4;8
112;5;99
112;6;59
112;7;13
112;8;19
112;9;47
112;10;9
112;11;0
113;1;68
113;2;100
113;3;53
113;4;77
113;5;87
113;6;30
113;7;23
113;8;91
113;9;2
113;10;55
113;11;0
114;1;5
114;2;59
114;3;89
114;4;40
114;5;83
114;6;79
114;7;81
114;8;64
114;9;36
114;10;94
114;11;0
115;1;5
115;2;62
115;3;63
115;4;75
115;5;56
115;6;1
115;7;90
115;8;67
115;9;74
115;10;82
115;11;0
116;1;21
116;2;96
116;3;63
116;4;77
116;5;10
116;6;23
116;7;3
116;8;66
116;9;34
116;10;68
116;11;0
117;1;17
117;2;43
117;3;72
117;4;20
117;5;23
117;6;2
117;7;22
117;8;85
117;9;25
117;10;37
117;11;0
118;1;89
118;2;9
118;3;62
118;4;97
118;5;14
118;6;94
118;7;78
118;8;73
118;9;30
118;10;23
118;11;0
119;1;23
119;2;29
119;3;86
119;4;53
119;5;65
119;6;50
119;7;44
119;8;45
119;9;22
119;10;61
119;11;0
120;1;35
120;2;53
120;3;28
120;4;19
120;5;12
120;6;90
120;7;21
120;8;9
120;9;25
120;10;95
120;11;0
121;1;9
121;2;3
121;3;70
121;4;8
121;5;61
121;6;78
121;7;43
121;8;27
121;9;66
121;10;11
121;11;0
122;1;47
122;2;25
122;3;32
122;4;65
122;5;78
122;6;81
122;7;4
122;8;74
122;9;9
122;10;40
122;11;0
123;1;68
123;2;77
123;3;13
123;4;64
123;5;57
123;6;30
123;7;71
123;8;51
123;9;88
123;10;94
123;11;0
124;1;51
124;2;98
124;3;75
124;4;36
124;5;7
124;6;9
124;7;69
124;8;17
124;9;16
124;10;35
124;11;0
125;1;91
125;2;30
125;3;17
125;4;63
125;5;68
125;6;99
125;7;62
125;8;57
125;9;49
125;10;52
125;11;0
126;1;79
126;2;23
126;3;44
126;4;56
126;5;31
126;6;60
126;7;27
126;8;81
126;9;34
126;10;85
126;11;0
127;1;81
127;2;34
127;3;85
127;4;8
127;5;12
127;6;42
127;7;38
127;8;2
127;9;95
127;10;69
127;11;0
128;1;51
128;2;26
128;3;82
128;4;14
128;5;74
128;6;75
128;7;99
128;8;61
128;9;57
128;10;79
128;11;0
129;1;86
129;2;77
129;3;59
129;4;90
129;5;76
129;6;45
129;7;55
129;8;85
129;9;47
129;10;91
129;11;0
130;1;20
130;2;73
130;3;55
130;4;29
130;5;37
130;6;53
130;7;88
130;8;47
130;9;5
130;10;1
130;11;0
131;1;35
131;2;67
131;3;15
131;4;5
131;5;82
131;6;27
131;7;29
131;8;34
131;9;89
131;10;47
131;11;0
132;1;42
132;2;74
132;3;38
132;4;4
132;5;61
132;6;63
132;7;35
132;8;25
132;9;39
132;10;82
132;11;0
133;1;7
133;2;5
133;3;63
133;4;99
133;5;97
133;6;85
133;7;76
133;8;3
133;9;4
133;10;70
133;11;0
134;1;32
134;2;30
134;3;46
134;4;100
134;5;64
134;6;20
134;7;23
134;8;35
134;9;65
134;10;45
134;11;0
135;1;39
135;2;67
135;3;89
135;4;23
135;5;11
135;6;61
135;7;62
135;8;49
135;9;85
135;10;40
135;11;0
136;1;9
136;2;61
136;3;54
136;4;56
136;5;15
136;6;5
136;7;88
136;8;21
136;9;39
136;10;99
136;11;0
137;1;83
137;2;65
137;3;4
137;4;24
137;5;50
137;6;69
137;7;2
137;8;76
137;9;43
137;10;11
137;11;0
138;1;70
138;2;67
138;3;90
138;4;85
138;5;26
138;6;55
138;7;65
138;8;20
138;9;29
138;10;100
138;11;0
139;1;31
139;2;25
139;3;19
139;4;51
139;5;76
139;6;18
139;7;28
139;8;45
139;9;42
139;10;37
139;11;0
140;1;41
140;2;30
140;3;69
140;4;96
140;5;78
140;6;31
140;7;95
140;8;43
140;9;61
140;10;38
140;11;0
141;1;98
141;2;73
141;3;12
141;4;76
141;5;16
141;6;66
141;7;78
141;8;82
141;9;54
141;10;1
141;11;0
142;1;19
142;2;88
142;3;5
142;4;16
142;5;35
142;6;24
142;7;56
142;8;22
142;9;87
142;10;52
142;11;0
143;1;100
143;2;8
143;3;70
143;4;25
143;5;33
143;6;78
143;7;97
143;8;28
143;9;67
143;10;5
143;11;0
144;1;46
144;2;57
144;3;19
144;4;28
144;5;31
144;6;90
144;7;4
144;8;48
144;9;43
144;10;79
144;11;0
145;1;13
145;2;100
145;3;50
145;4;36
145;5;14
145;6;3
145;7;2
145;8;80
145;9;27
145;10;6
145;11;0
146;1;19
146;2;27
146;3;95
146;4;83
146;5;17
146;6;49
146;7;9
146;8;65
146;9;7
146;10;70
146;11;0
147;1;43
147;2;35
147;3;14
147;4;83
147;5;59
147;6;33
147;7;38
147;8;50
147;9;68
147;10;96
147;11;0
148;1;65
148;2;99
148;3;45
148;4;31
148;5;96
148;6;27
148;7;68
148;8;67
148;9;53
148;10;14
148;11;0
149;1;60
149;2;37
149;3;28
149;4;21
149;5;94
149;6;64
149;7;12
149;8;7
149;9;26
149;10;40
149;11;0
150;1;83
150;2;7
150;3;70
150;4;40
150;5;97
150;6;45
150;7;8
150;8;51
150;9;41
150;10;95
150;11;0
151;1;3
151;2;71
151;3;70
151;4;66
151;5;47
151;6;99
151;7;2
151;8;86
151;9;65
151;10;98
151;11;0
152;1;31
152;2;89
152;3;100
152;4;25
152;5;62
152;6;43
152;7;6
152;8;22
152;9;83
152;10;39
152;11;0
153;1;14
153;2;42
153;3;67
153;4;15
153;5;11
153;6;39
153;7;8
153;8;17
153;9;57
153;10;12
153;11;0
154;1;25
154;2;81
154;3;78
154;4;69
154;5;72
154;6;43
154;7;48
154;8;90
154;9;66
154;10;93
154;11;0
155;1;6
155;2;1
155;3;20
155;4;85
155;5;56
155;6;5
155;7;99
155;8;65
155;9;75
155;10;12
155;11;0
156;1;92
156;2;35
156;3;96
156;4;91
156;5;12
156;6;4
156;7;19
156;8;44
156;9;71
156;10;7
156;11;0
157;1;5
157;2;20
157;3;67
157;4;63
157;5;81
157;6;56
157;7;44
157;8;48
157;9;40
157;10;17
157;11;0
158;1;22
158;2;79
158;3;86
158;4;21
158;5;2
158;6;66
158;7;62
158;8;10
158;9;18
158;10;25
158;11;0
159;1;22
159;2;57
159;3;24
159;4;69
159;5;19
159;6;77
159;7;82
159;8;7
159;9;11
159;10;32
159;11;0
160;1;35
160;2;27
160;3;34
160;4;9
160;5;13
160;6;50
160;7;83
160;8;95
160;9;17
160;10;65
160;11;0
161;1;78
161;2;30
161;3;27
161;4;34
161;5;66
161;6;47
161;7;68
161;8;3
161;9;58
161;10;50
161;11;0
162;1;8
162;2;66
162;3;5
162;4;13
162;5;51
162;6;69
162;7;14
162;8;27
162;9;65
162;10;90
162;11;0
163;1;62
163;2;75
163;3;59
163;4;12
163;5;83
163;6;19
163;7;98
163;8;22
163;9;97
163;10;47
163;11;0
164;1;37
164;2;55
164;3;51
164;4;78
164;5;95
164;6;62
164;7;13
164;8;66
164;9;39
164;10;52
164;11;0
165;1;24
165;2;78
165;3;71
165;4;85
165;5;97
165;6;63
165;7;98
165;8;37
165;9;25
165;10;55
165;11;0
166;1;47
166;2;63
166;3;40
166;4;31
166;5;55
166;6;41
166;7;89
166;8;19
166;9;76
166;10;18
166;11;0
167;1;27
167;2;5
167;3;93
167;4;38
167;5;35
167;6;24
167;7;22
167;8;83
167;9;16
167;10;8
167;11;0
168;1;43
168;2;71
168;3;93
168;4;20
168;5;52
168;6;37
168;7;61
168;8;15
168;9;4
168;10;3
168;11;0
169;1;45
169;2;97
169;3;40
169;4;15
169;5;69
169;6;42
169;7;60
169;8;38
169;9;66
169;10;19
169;11;0
170;1;89
170;2;90
170;3;47
170;4;25
170;5;58
170;6;61
170;7;35
170;8;32
170;9;34
170;10;87
170;11;0
171;1;94
171;2;65
171;3;64
171;4;9
171;5;53
171;6;44
171;7;19
171;8;60
171;9;91
171;10;32
171;11;0
172;1;88
172;2;44
172;3;45
172;4;25
172;5;46
172;6;11
172;7;81
172;8;73
172;9;4
172;10;40
172;11;0
173;1;94
173;2;37
173;3;59
173;4;2
173;5;52
173;6;86
173;7;30
173;8;51
173;9;26
173;10;56
173;11;0
174;1;61
174;2;85
174;3;13
174;4;87
174;5;65
174;6;8
174;7;5
174;8;74
174;9;49
174;10;7
174;11;0
175;1;34
175;2;66
175;3;6
175;4;82
175;5;96
175;6;48
175;7;84
175;8;28
175;9;90
175;10;77
175;11;0
176;1;9
176;2;77
176;3;74
176;4;43
176;5;42
176;6;36
176;7;4
176;8;3
176;9;51
176;10;82
176;11;0
177;1;7
177;2;26
177;3;24
177;4;80
177;5;19
177;6;96
177;7;1
177;8;78
177;9;12
177;10;40
177;11;0
178;1;100
178;2;3
178;3;85
178;4;23
178;5;31
178;6;40
178;7;27
178;8;62
178;9;66
178;10;36
178;11;0
179;1;86
179;2;44
179;3;22
179;4;96
179;5;10
179;6;84
179;7;53
179;8;94
179;9;34
179;10;52
179;11;0
180;1;98
180;2;1
180;3;68
180;4;55
180;5;74
180;6;26
180;7;62
180;8;22
180;9;2
180;10;8
180;11;0
181;1;27
181;2;86
181;3;37
181;4;60
181;5;95
181;6;8
181;7;39
181;8;50
181;9;16
181;10;58
181;11;0
182;1;30
182;2;41
182;3;76
182;4;32
182;5;82
182;6;28
182;7;84
182;8;93
182;9;99
182;10;16
182;11;0
183;1;66
183;2;94
183;3;21
183;4;80
183;5;9
183;6;86
183;7;39
183;8;19
183;9;53
183;10;100
183;11;0
184;1;9
184;2;95
184;3;91
184;4;18
184;5;21
184;6;40
184;7;19
184;8;64
184;9;27
184;10;42
184;11;0
185;1;41
185;2;75
185;3;35
185;4;34
185;5;1
185;6;43
185;7;45
185;8;24
185;9;78
185;10;71
185;11;0
186;1;54
186;2;90
186;3;93
186;4;34
186;5;26
186;6;4
186;7;66
186;8;57
186;9;48
186;10;60
186;11;0
187;1;84
187;2;23
187;3;76
187;4;53
187;5;9
187;6;56
187;7;26
187;8;37
187;9;42
187;10;52
187;11;0
188;1;73
188;2;97
188;3;10
188;4;34
188;5;52
188;6;85
188;7;27
188;8;37
188;9;30
188;10;74
188;11;0
189;1;10
189;2;86
189;3;37
189;4;4
189;5;82
189;6;22
189;7;94
189;8;97
189;9;67
189;10;90
189;11;0
190;1;54
190;2;45
190;3;65
190;4;6
190;5;85
190;6;58
190;7;9
190;8;43
190;9;39
190;10;35
190;11;0
191;1;69
191;2;78
191;3;58
191;4;21
191;5;81
191;6;52
191;7;11
191;8;30
191;9;84
191;10;6
191;11;0
192;1;82
192;2;97
192;3;18
192;4;89
192;5;85
192;6;23
192;7;25
192;8;8
192;9;35
192;10;96
192;11;0
193;1;88
193;2;80
193;3;48
193;4;76
193;5;92
193;6;86
193;7;87
193;8;20
193;9;75
193;10;90
193;11;0
194;1;18
194;2;66
194;3;50
194;4;39
194;5;26
194;6;12
194;7;10
194;8;68
194;9;2
194;10;51
194;11;0
195;1;32
195;2;58
195;3;42
195;4;59
195;5;53
195;6;84
195;7;36
195;8;62
195;9;26
195;10;8
195;11;0
196;1;70
196;2;69
196;3;49
196;4;78
196;5;93
196;6;86
196;7;25
196;8;67
196;9;17
196;10;79
196;11;0
197;1;88
197;2;87
197;3;21
197;4;7
197;5;40
197;6;99
197;7;25
197;8;29
197;9;52
197;10;72
197;11;0
198;1;31
198;2;20
198;3;77
198;4;26
198;5;62
198;6;79
198;7;75
198;8;57
198;9;55
198;10;56
198;11;0
199;1;79
199;2;36
199;3;27
199;4;11
199;5;7
199;6;1
199;7;20
199;8;59
199;9;53
199;10;29
199;11;0
200;1;17
200;2;41
200;3;28
200;4;98
200;5;4
200;6;34
200;7;36
200;8;74
200;9;94
200;10;46
200;11;0
201;1;7
201;2;80
201;3;36
201;4;74
201;5;49
201;6;90
201;7;18
201;8;9
201;9;64
201;10;12
201;11;0
202;1;81
202;2;68
202;3;4
202;4;90
202;5;5
202;6;80
202;7;41
202;8;52
202;9;48
202;10;33
202;11;0
203;1;92
203;2;82
203;3;93
203;4;100
203;5;66
203;6;1
203;7;28
203;8;15
203;9;67
203;10;56
203;11;0
204;1;37
204;2;31
204;3;29
204;4;88
204;5;14
204;6;94
204;7;74
204;8;12
204;9;66
204;10;71
204;11;0
205;1;93
205;2;21
205;3;43
205;4;58
205;5;73
205;6;65
205;7;28
205;8;90
205;9;9
205;10;95
205;11;0
206;1;32
206;2;57
206;3;33
206;4;93
206;5;45
206;6;22
206;7;47
206;8;25
206;9;17
206;10;67
206;11;0
207;1;58
207;2;83
207;3;68
207;4;100
207;5;59
207;6;81
207;7;33
207;8;99
207;9;23
207;10;94
207;11;0
208;1;27
208;2;6
208;3;100
208;4;81
208;5;62
208;6;4
208;7;36
208;8;80
208;9;87
208;10;21
208;11;0
209;1;13
209;2;20
209;3;4
209;4;82
209;5;60
209;6;44
209;7;36
209;8;14
209;9;89
209;10;100
209;11;0
210;1;54
210;2;6
210;3;77
210;4;62
210;5;43
210;6;60
210;7;94
210;8;88
210;9;4
210;10;1
210;11;0
211;1;94
211;2;47
211;3;32
211;4;65
211;5;89
211;6;34
211;7;87
211;8;81
211;9;98
211;10;17
211;11;0
212;1;96
212;2;7
212;3;71
212;4;39
212;5;61
212;6;58
212;7;38
212;8;12
212;9;70
212;10;79
212;11;0
213;1;80
213;2;48
213;3;26
213;4;38
213;5;28
213;6;39
213;7;86
213;8;27
213;9;46
213;10;89
213;11;0
214;1;47
214;2;7
214;3;36
214;4;40
214;5;67
214;6;84
214;7;72
214;8;29
214;9;42
214;10;97
214;11;0
215;1;53
215;2;47
215;3;1
215;4;17
215;5;40
215;6;86
215;7;30
215;8;41
215;9;100
215;10;44
215;11;0
216;1;87
216;2;99
216;3;43
216;4;6
216;5;82
216;6;96
216;7;94
216;8;41
216;9;25
216;10;48
216;11;0
217;1;32
217;2;35
217;3;8
217;4;3
217;5;81
217;6;74
217;7;14
217;8;10
217;9;46
217;10;88
217;11;0
218;1;59
218;2;35
218;3;82
218;4;78
218;5;74
218;6;60
218;7;39
218;8;2
218;9;49
218;10;71
218;11;0
219;1;16
219;2;70
219;3;50
219;4;17
219;5;84
219;6;82
219;7;89
219;8;35
219;9;8
219;10;72
219;11;0
220;1;53
220;2;45
220;3;76
220;4;85
220;5;47
220;6;55
220;7;6
220;8;90
220;9;41
220;10;71
220;11;0
221;1;7
221;2;28
221;3;100
221;4;46
221;5;65
221;6;16
221;7;2
221;8;85
221;9;89
221;10;9
221;11;0
222;1;34
222;2;55
222;3;74
222;4;85
222;5;48
222;6;84
222;7;90
222;8;69
222;9;93
222;10;17
222;11;0
223;1;17
223;2;13
223;3;88
223;4;33
223;5;70
223;6;29
223;7;59
223;8;4
223;9;78
223;10;61
223;11;0
224;1;26
224;2;86
224;3;31
224;4;23
224;5;98
224;6;19
224;7;9
224;8;90
224;9;62
224;10;87
224;11;0
225;1;17
225;2;90
225;3;69
225;4;74
225;5;20
225;6;28
225;7;51
225;8;1
225;9;43
225;10;68
225;11;0
226;1;11
226;2;81
226;3;5
226;4;29
226;5;67
226;6;99
226;7;79
226;8;34
226;9;20
226;10;70
226;11;0
227;1;94
227;2;82
227;3;3
227;4;95
227;5;93
227;6;81
227;7;86
227;8;28
227;9;27
227;10;15
227;11;0
228;1;70
228;2;27
228;3;90
228;4;37
228;5;41
228;6;60
228;7;81
228;8;36
228;9;96
228;10;59
228;11;0
229;1;84
229;2;30
229;3;91
229;4;14
229;5;21
229;6;40
229;7;44
229;8;99
229;9;48
229;10;34
229;11;0
230;1;31
230;2;5
230;3;92
230;4;35
230;5;54
230;6;26
230;7;24
230;8;23
230;9;62
230;10;36
230;11;0
231;1;52
231;2;95
231;3;87
231;4;83
231;5;13
231;6;19
231;7;33
231;8;22
231;9;41
231;10;93
231;11;0
232;1;34
232;2;13
232;3;19
232;4;50
232;5;46
232;6;5
232;7;43
232;8;22
232;9;17
232;10;54
232;11;0
233;1;28
233;2;3
233;3;24
233;4;53
233;5;26
233;6;10
233;7;19
233;8;63
233;9;1
233;10;60
233;11;0
234;1;10
234;2;38
234;3;39
234;4;13
234;5;87
234;6;2
234;7;20
234;8;60
234;9;64
234;10;55
234;11;0
235;1;83
235;2;92
235;3;23
235;4;69
235;5;89
235;6;100
235;7;90
235;8;76
235;9;57
235;10;18
235;11;0
236;1;5
236;2;72
236;3;4
236;4;73
236;5;83
236;6;90
236;7;63
236;8;22
236;9;92
236;10;94
236;11;0
237;1;65
237;2;15
237;3;76
237;4;78
237;5;43
237;6;22
237;7;59
237;8;63
237;9;93
237;10;18
237;11;0
238;1;44
238;2;92
238;3;35
238;4;23
238;5;41
238;6;45
238;7;39
238;8;91
238;9;49
238;10;34
238;11;0
239;1;15
239;2;29
239;3;48
239;4;80
239;5;62
239;6;77
239;7;9
239;8;72
239;9;5
239;10;25
239;11;0
240;1;24
240;2;97
240;3;98
240;4;38
240;5;49
240;6;93
240;7;60
240;8;39
240;9;15
240;10;16
240;11;0
241;1;92
241;2;42
241;3;79
241;4;51
241;5;10
241;6;14
241;7;56
241;8;43
241;9;39
241;10;80
241;11;0
242;1;73
242;2;87
242;3;2
242;4;94
242;5;12
242;6;60
242;7;14
242;8;17
242;9;98
242;10;39
242;11;0
243;1;36
243;2;87
243;3;81
243;4;57
243;5;6
243;6;66
243;7;74
243;8;26
243;9;60
243;10;41
243;11;0
244;1;25
244;2;49
244;3;32
244;4;56
244;5;11
244;6;76
244;7;81
244;8;9
244;9;98
244;10;61
244;11;0
245;1;66
245;2;4
245;3;1
245;4;52
245;5;63
245;6;61
245;7;77
245;8;81
245;9;86
245;10;19
245;11;0
246;1;43
246;2;64
246;3;30
246;4;72
246;5;62
246;6;32
246;7;34
246;8;1
246;9;85
246;10;42
246;11;0
247;1;67
247;2;23
247;3;73
247;4;27
247;5;68
247;6;18
247;7;40
247;8;96
247;9;51
247;10;25
247;11;0
248;1;19
248;2;53
248;3;81
248;4;84
248;5;70
248;6;64
248;7;71
248;8;21
248;9;82
248;10;32
248;11;0
249;1;34
249;2;69
249;3;43
249;4;16
249;5;21
249;6;8
249;7;100
249;8;12
249;9;59
249;10;25
249;11;0
250;1;88
250;2;24
250;3;94
250;4;85
250;5;89
250;6;25
250;7;52
250;8;51
250;9;39
250;10;71
250;11;0
251;1;5
251;2;61
251;3;17
251;4;26
251;5;34
251;6;52
251;7;96
251;8;87
251;9;90
251;10;20
251;11;0
252;1;89
252;2;49
252;3;21
252;4;63
252;5;35
252;6;71
252;7;91
252;8;11
252;9;36
252;10;56
252;11;0
253;1;93
253;2;34
253;3;31
253;4;18
253;5;82
253;6;32
253;7;55
253;8;12
253;9;42
253;10;29
253;11;0
254;1;12
254;2;94
254;3;83
254;4;96
254;5;1
254;6;89
254;7;70
254;8;31
254;9;38
254;10;28
254;11;0
255;1;37
255;2;15
255;3;28
255;4;82
255;5;31
255;6;48
255;7;46
255;8;19
255;9;80
255;10;17
255;11;0
256;1;45
256;2;32
256;3;23
256;4;26
256;5;36
256;6;2
256;7;93
256;8;58
256;9;39
256;10;99
256;11;0
257;1;80
257;2;61
257;3;63
257;4;4
257;5;54
257;6;25
257;7;40
257;8;92
257;9;99
257;10;33
257;11;0
258;1;22
258;2;77
258;3;32
258;4;38
258;5;49
258;6;64
258;7;28
258;8;30
258;9;2
258;10;31
258;11;0
259;1;72
259;2;27
259;3;22
259;4;50
259;5;57
259;6;63
259;7;36
259;8;28
259;9;14
259;10;91
259;11;0
260;1;4
260;2;92
260;3;3
260;4;99
260;5;12
260;6;85
260;7;48
260;8;30
260;9;87
260;10;71
260;11;0
261;1;95
261;2;57
261;3;26
261;4;83
261;5;50
261;6;55
261;7;100
261;8;60
261;9;12
261;10;24
261;11;0
262;1;45
262;2;90
262;3;16
262;4;55
262;5;30
262;6;25
262;7;56
262;8;27
262;9;46
262;10;76
262;11;0
263;1;24
263;2;61
263;3;15
263;4;60
263;5;14
263;6;53
263;7;57
263;8;16
263;9;33
263;10;86
263;11;0
264;1;4
264;2;3
264;3;68
264;4;31
264;5;53
264;6;24
264;7;6
264;8;72
264;9;76
264;10;14
264;11;0
265;1;36
265;2;66
265;3;6
265;4;72
265;5;89
265;6;58
265;7;46
265;8;50
265;9;74
265;10;34
265;11;0
266;1;85
266;2;71
266;3;14
266;4;6
266;5;94
266;6;8
266;7;90
266;8;81
266;9;32
266;10;16
266;11;0
267;1;91
267;2;12
267;3;21
267;4;5
267;5;54
267;6;57
267;7;4
267;8;68
267;9;10
267;10;31
267;11;0
268;1;76
268;2;54
268;3;55
268;4;95
268;5;9
268;6;29
268;7;12
268;8;20
268;9;23
268;10;93
268;11;0
269;1;65
269;2;16
269;3;9
269;4;40
269;5;75
269;6;83
269;7;43
269;8;31
269;9;94
269;10;57
269;11;0
270;1;59
270;2;18
270;3;81
270;4;23
270;5;1
270;6;44
270;7;46
270;8;22
270;9;91
270;10;47
270;11;0
271;1;72
271;2;12
271;3;62
271;4;83
271;5;32
271;6;14
271;7;60
271;8;77
271;9;89
271;10;54
271;11;0
272;1;87
272;2;30
272;3;85
272;4;79
272;5;93
272;6;54
272;7;67
272;8;65
272;9;51
272;10;9
272;11;0
273;1;20
273;2;62
273;3;100
273;4;22
273;5;57
273;6;43
273;7;91
273;8;30
273;9;90
273;10;21
273;11;0
274;1;49
274;2;75
274;3;13
274;4;92
274;5;34
274;6;66
274;7;12
274;8;41
274;9;100
274;10;64
274;11;0
275;1;55
275;2;56
275;3;81
275;4;28
275;5;96
275;6;22
275;7;68
275;8;25
275;9;89
275;10;76
275;11;0
276;1;22
276;2;74
276;3;78
276;4;55
276;5;65
276;6;33
276;7;73
276;8;24
276;9;64
276;10;91
276;11;0
277;1;88
277;2;49
277;3;55
277;4;8
277;5;9
277;6;65
277;7;62
277;8;52
277;9;82
277;10;84
277;11;0
278;1;66
278;2;91
278;3;55
278;4;4
278;5;19
278;6;88
278;7;75
278;8;78
278;9;58
278;10;42
278;11;0
279;1;39
279;2;49
279;3;38
279;4;13
279;5;12
279;6;80
279;7;95
279;8;37
279;9;60
279;10;96
279;11;0
280;1;85
280;2;33
280;3;37
280;4;75
280;5;54
280;6;4
280;7;96
280;8;59
280;9;88
280;10;52
280;11;0
281;1;90
281;2;100
281;3;95
281;4;76
281;5;46
281;6;67
281;7;69
281;8;25
281;9;81
281;10;9
281;11;0
282;1;22
282;2;62
282;3;32
282;4;20
282;5;89
282;6;1
282;7;19
282;8;21
282;9;23
282;10;48
282;11;0
283;1;88
283;2;3
283;3;81
283;4;98
283;5;79
283;6;70
283;7;54
283;8;9
283;9;55
283;10;37
283;11;0
284;1;73
284;2;43
284;3;27
284;4;6
284;5;21
284;6;23
284;7;67
284;8;2
284;9;33
284;10;39
284;11;0
285;1;58
285;2;24
285;3;83
285;4;69
285;5;53
285;6;43
285;7;84
285;8;99
285;9;45
285;10;89
285;11;0
286;1;43
286;2;73
286;3;40
286;4;53
286;5;17
286;6;55
286;7;56
286;8;76
286;9;22
286;10;28
286;11;0
287;1;75
287;2;42
287;3;100
287;4;52
287;5;78
287;6;20
287;7;46
287;8;1
287;9;15
287;10;68
287;11;0
288;1;6
288;2;78
288;3;16
288;4;96
288;5;3
288;6;98
288;7;10
288;8;74
288;9;89
288;10;13
288;11;0
289;1;72
289;2;44
289;3;70
289;4;47
289;5;36
289;6;75
289;7;89
289;8;91
289;9;29
289;10;10
289;11;0
290;1;30
290;2;77
290;3;74
290;4;83
290;5;5
290;6;33
290;7;16
290;8;70
290;9;22
290;10;6
290;11;0
291;1;95
291;2;24
291;3;8
291;4;64
291;5;68
291;6;53
291;7;31
291;8;46
291;9;90
291;10;30
291;11;0
292;1;54
292;2;63
292;3;16
292;4;73
292;5;69
292;6;22
292;7;53
292;8;74
292;9;79
292;10;52
292;11;0
293;1;7
293;2;44
293;3;75
293;4;15
293;5;56
293;6;66
293;7;65
293;8;77
293;9;97
293;10;79
293;11;0
294;1;51
294;2;21
294;3;23
294;4;2
294;5;29
294;6;65
294;7;48
294;8;20
294;9;34
294;10;86
294;11;0
295;1;72
295;2;76
295;3;20
295;4;43
295;5;3
295;6;55
295;7;40
295;8;4
295;9;36
295;10;52
295;11;0
296;1;4
296;2;69
296;3;84
296;4;34
296;5;85
296;6;61
296;7;82
296;8;62
296;9;75
296;10;24
296;11;0
297;1;53
297;2;58
297;3;62
297;4;38
297;5;96
297;6;34
297;7;11
297;8;13
297;9;56
297;10;87
297;11;0
298;1;16
298;2;93
298;3;5
298;4;10
298;5;76
298;6;91
298;7;38
298;8;24
298;9;33
298;10;59
298;11;0
299;1;79
299;2;84
299;3;30
299;4;13
299;5;86
299;6;38
299;7;39
299;8;97
299;9;77
299;10;80
299;11;0
300;1;18
300;2;97
300;3;31
300;4;69
300;5;95
300;6;27
300;7;45
300;8;16
300;9;53
300;10;7
300;11;0
301;1;80
301;2;28
301;3;63
301;4;21
301;5;59
301;6;61
301;7;81
301;8;16
301;9;62
301;10;47
301;11;0
302;1;44
302;2;40
302;3;48
302;4;71
302;5;59
302;6;75
302;7;46
302;8;93
302;9;41
302;10;94
302;11;0
303;1;14
303;2;59
303;3;88
303;4;44
303;5;40
303;6;52
303;7;93
303;8;92
303;9;97
303;10;42
303;11;0
304;1;66
304;2;31
304;3;84
304;4;28
304;5;70
304;6;100
304;7;57
304;8;91
304;9;64
304;10;74
304;11;0
305;1;31
305;2;71
305;3;66
305;4;93
305;5;48
305;6;62
305;7;64
305;8;63
305;9;45
305;10;27
305;11;0
306;1;97
306;2;80
306;3;74
306;4;45
306;5;83
306;6;12
306;7;78
306;8;36
306;9;9
306;10;87
306;11;0
307;1;57
307;2;84
307;3;34
307;4;68
307;5;28
307;6;72
307;7;75
307;8;82
307;9;60
307;10;39
307;11;0
308;1;22
308;2;62
308;3;70
308;4;67
308;5;87
308;6;5
308;7;86
308;8;40
308;9;4
308;10;50
308;11;0
309;1;96
309;2;4
309;3;21
309;4;93
309;5;53
309;6;90
309;7;33
309;8;10
309;9;18
309;10;20
309;11;0
310;1;9
310;2;82
310;3;57
310;4;6
310;5;46
310;6;80
310;7;81
310;8;91
310;9;41
310;10;93
310;11;0
311;1;66
311;2;45
311;3;5
311;4;38
311;5;73
311;6;1
311;7;84
311;8;23
311;9;11
311;10;3
311;11;0
312;1;38
312;2;40
312;3;100
312;4;46
312;5;21
312;6;91
312;7;83
312;8;96
312;9;42
312;10;62
312;11;0
313;1;13
313;2;23
313;3;79
313;4;62
313;5;60
313;6;88
313;7;31
313;8;74
313;9;36
313;10;66
313;11;0
314;1;25
314;2;54
314;3;18
314;4;92
314;5;32
314;6;68
314;7;85
314;8;64
314;9;83
314;10;31
314;11;0
315;1;24
315;2;96
315;3;2
315;4;73
315;5;37
315;6;45
315;7;50
315;8;78
315;9;10
315;10;81
315;11;0
316;1;95
316;2;97
316;3;77
316;4;73
316;5;42
316;6;36
316;7;84
316;8;41
316;9;4
316;10;38
316;11;0
317;1;97
317;2;11
317;3;30
317;4;86
317;5;44
317;6;41
317;7;14
317;8;34
317;9;16
317;10;32
317;11;0
318;1;23
318;2;19
318;3;34
318;4;92
318;5;6
318;6;78
318;7;35
318;8;27
318;9;87
318;10;60
318;11;0
319;1;8
319;2;6
319;3;72
319;4;56
319;5;90
319;6;17
319;7;71
319;8;32
319;9;11
319;10;85
319;11;0
320;1;28
320;2;35
320;3;52
320;4;22
320;5;58
320;6;63
320;7;80
320;8;42
320;9;67
320;10;48
320;11;0
321;1;2
321;2;76
321;3;43
321;4;94
321;5;24
321;6;84
321;7;92
321;8;25
321;9;9
321;10;100
321;11;0
322;1;96
322;2;83
322;3;26
322;4;58
322;5;86
322;6;35
322;7;84
322;8;4
322;9;77
322;10;12
322;11;0
323;1;9
323;2;27
323;3;99
323;4;37
323;5;38
323;6;15
323;7;33
323;8;51
323;9;17
323;10;23
323;11;0
324;1;20
324;2;38
324;3;11
324;4;34
324;5;87
324;6;70
324;7;62
324;8;6
324;9;86
324;10;33
324;11;0
325;1;48
325;2;54
325;3;68
325;4;44
325;5;95
325;6;97
325;7;55
325;8;100
325;9;71
325;10;73
325;11;0
326;1;61
326;2;94
326;3;6
326;4;80
326;5;10
326;6;57
326;7;50
326;8;11
326;9;95
326;10;17
326;11;0
327;1;58
327;2;92
327;3;4
327;4;1
327;5;15
327;6;8
327;7;10
327;8;37
327;9;20
327;10;99
327;11;0
328;1;1
328;2;39
328;3;31
328;4;81
328;5;17
328;6;10
328;7;18
328;8;52
328;9;43
328;10;61
328;11;0
329;1;34
329;2;8
329;3;11
329;4;55
329;5;83
329;6;5
329;7;59
329;8;27
329;9;81
329;10;28
329;11;0
330;1;91
330;2;34
330;3;80
330;4;99
330;5;69
330;6;26
330;7;16
330;8;3
330;9;59
330;10;38
330;11;0
331;1;9
331;2;48
331;3;15
331;4;34
331;5;97
331;6;95
331;7;33
331;8;25
331;9;67
331;10;71
331;11;0
332;1;97
332;2;73
332;3;34
332;4;50
332;5;95
332;6;24
332;7;21
332;8;89
332;9;66
332;10;1
332;11;0
333;1;2
333;2;28
333;3;95
333;4;36
333;5;6
333;6;3
333;7;16
333;8;38
333;9;12
333;10;44
333;11;0
334;1;88
334;2;22
334;3;50
334;4;75
334;5;12
334;6;87
334;7;24
334;8;67
334;9;17
334;10;38
334;11;0
335;1;8
335;2;26
335;3;24
335;4;93
335;5;29
335;6;31
335;7;32
335;8;73
335;9;74
335;10;72
335;11;0
336;1;49
336;2;16
336;3;60
336;4;7
336;5;92
336;6;96
336;7;57
336;8;94
336;9;81
336;10;8
336;11;0
337;1;91
337;2;85
337;3;62
337;4;38
337;5;84
337;6;61
337;7;33
337;8;72
337;9;46
337;10;76
337;11;0
338;1;41
338;2;96
338;3;61
338;4;82
338;5;97
338;6;77
338;7;56
338;8;8
338;9;62
338;10;27
338;11;0
339;1;24
339;2;49
339;3;91
339;4;97
339;5;55
339;6;29
339;7;98
339;8;2
339;9;23
339;10;93
339;11;0
340;1;75
340;2;48
340;3;74
340;4;39
340;5;25
340;6;83
340;7;80
340;8;23
340;9;91
340;10;7
340;11;0
341;1;80
341;2;35
341;3;65
341;4;36
341;5;57
341;6;86
341;7;75
341;8;26
341;9;31
341;10;97
341;11;0
342;1;72
342;2;54
342;3;9
342;4;52
342;5;13
342;6;95
342;7;88
342;8;55
342;9;50
342;10;15
342;11;0
343;1;74
343;2;86
343;3;21
343;4;99
343;5;19
343;6;55
343;7;60
343;8;87
343;9;26
343;10;89
343;11;0
344;1;86
344;2;38
344;3;94
344;4;15
344;5;99
344;6;10
344;7;73
344;8;75
344;9;56
344;10;43
344;11;0
345;1;42
345;2;94
345;3;29
345;4;95
345;5;93
345;6;59
345;7;88
345;8;6
345;9;67
345;10;27
345;11;0
346;1;96
346;2;70
346;3;9
346;4;34
346;5;23
346;6;52
346;7;7
346;8;49
346;9;24
346;10;95
346;11;0
347;1;71
347;2;61
347;3;27
347;4;15
347;5;22
347;6;56
347;7;20
347;8;44
347;9;43
347;10;55
347;11;0
348;1;84
348;2;81
348;3;67
348;4;31
348;5;36
348;6;1
348;7;23
348;8;24
348;9;52
348;10;30
348;11;0
349;1;70
349;2;26
349;3;28
349;4;79
349;5;40
349;6;34
349;7;29
349;8;81
349;9;10
349;10;90
349;11;0
350;1;79
350;2;68
350;3;80
350;4;30
350;5;97
350;6;58
350;7;19
350;8;10
350;9;54
350;10;70
350;11;0
351;1;99
351;2;42
351;3;36
351;4;63
351;5;25
351;6;80
351;7;69
351;8;52
351;9;73
351;10;70
351;11;0
352;1;12
352;2;44
352;3;63
352;4;8
352;5;22
352;6;33
352;7;83
352;8;29
352;9;54
352;10;16
352;11;0
353;1;97
353;2;47
353;3;49
353;4;1
353;5;91
353;6;83
353;7;94
353;8;21
353;9;75
353;10;41
353;11;0
354;1;33
354;2;44
354;3;50
354;4;85
354;5;32
354;6;7
354;7;94
354;8;57
354;9;95
354;10;26
354;11;0
355;1;67
355;2;28
355;3;13
355;4;11
355;5;56
355;6;82
355;7;61
355;8;55
355;9;8
355;10;12
355;11;0
356;1;92
356;2;60
356;3;39
356;4;7
356;5;84
356;6;52
356;7;45
356;8;88
356;9;65
356;10;90
356;11;0
357;1;15
357;2;58
357;3;100
357;4;17
357;5;16
357;6;11
357;7;70
357;8;19
357;9;62
357;10;64
357;11;0
358;1;59
358;2;81
358;3;66
358;4;36
358;5;51
358;6;62
358;7;14
358;8;31
358;9;17
358;10;69
358;11;0
359;1;46
359;2;34
359;3;25
359;4;50
359;5;10
359;6;86
359;7;20
359;8;56
359;9;81
359;10;15
359;11;0
360;1;63
360;2;45
360;3;85
360;4;98
360;5;57
360;6;70
360;7;2
360;8;40
360;9;28
360;10;37
360;11;0
361;1;38
361;2;85
361;3;13
361;4;26
361;5;83
361;6;45
361;7;19
361;8;66
361;9;47
361;10;24
361;11;0
362;1;37
362;2;33
362;3;61
362;4;60
362;5;52
362;6;10
362;7;94
362;8;85
362;9;19
362;10;16
362;11;0
363;1;55
363;2;82
363;3;25
363;4;4
363;5;28
363;6;48
363;7;56
363;8;6
363;9;39
363;10;97
363;11;0
364;1;53
364;2;16
364;3;20
364;4;54
364;5;51
364;6;11
364;7;27
364;8;66
364;9;56
364;10;86
364;11;0
365;1;39
365;2;13
365;3;95
365;4;9
365;5;16
365;6;30
365;7;63
365;8;37
365;9;29
365;10;56
365;11;0
366;1;21
366;2;17
366;3;36
366;4;24
366;5;31
366;6;73
366;7;45
366;8;34
366;9;100
366;10;47
366;11;0
367;1;49
367;2;20
367;3;32
367;4;66
367;5;19
367;6;98
367;7;31
367;8;95
367;9;91
367;10;26
367;11;0
368;1;42
368;2;68
368;3;46
368;4;70
368;5;59
368;6;13
368;7;15
368;8;11
368;9;52
368;10;49
368;11;0
369;1;40
369;2;33
369;3;47
369;4;24
369;5;1
369;6;76
369;7;74
369;8;18
369;9;42
369;10;34
369;11;0
370;1;83
370;2;32
370;3;19
370;4;16
370;5;10
370;6;56
370;7;42
370;8;38
370;9;98
370;10;30
370;11;0
371;1;82
371;2;90
371;3;73
371;4;57
371;5;59
371;6;19
371;7;94
371;8;8
371;9;14
371;10;15
371;11;0
372;1;24
372;2;6
372;3;99
372;4;89
372;5;2
372;6;47
372;7;52
372;8;18
372;9;77
372;10;68
372;11;0
373;1;1
373;2;28
373;3;69
373;4;3
373;5;21
373;6;51
373;7;9
373;8;98
373;9;48
373;10;46
373;11;0
374;1;86
374;2;69
374;3;56
374;4;66
374;5;47
374;6;85
374;7;12
374;8;96
374;9;20
374;10;25
374;11;0
375;1;53
375;2;77
375;3;19
375;4;85
375;5;39
375;6;24
375;7;49
375;8;25
375;9;62
375;10;75
375;11;0
376;1;33
376;2;26
376;3;29
376;4;41
376;5;78
376;6;91
376;7;52
376;8;14
376;9;85
376;10;2
376;11;0
377;1;66
377;2;18
377;3;39
377;4;76
377;5;54
377;6;94
377;7;33
377;8;96
377;9;35
377;10;17
377;11;0
378;1;13
378;2;4
378;3;7
378;4;46
378;5;77
378;6;16
378;7;38
378;8;47
378;9;93
378;10;97
378;11;0
379;1;65
379;2;11
379;3;45
379;4;20
379;5;29
379;6;77
379;7;75
379;8;27
379;9;74
379;10;76
379;11;0
380;1;1
380;2;26
380;3;72
380;4;71
380;5;69
380;6;45
380;7;90
380;8;32
380;9;73
380;10;81
380;11;0
381;1;81
381;2;36
381;3;74
381;4;82
381;5;64
381;6;23
381;7;63
381;8;19
381;9;10
381;10;93
381;11;0
382;1;61
382;2;78
382;3;30
382;4;55
382;5;21
382;6;38
382;7;22
382;8;53
382;9;14
382;10;85
382;11;0
383;1;25
383;2;32
383;3;85
383;4;42
383;5;19
383;6;44
383;7;33
383;8;82
383;9;7
383;10;12
383;11;0
384;1;8
384;2;22
384;3;35
384;4;80
384;5;70
384;6;78
384;7;45
384;8;99
384;9;94
384;10;14
384;11;0
385;1;55
385;2;81
385;3;67
385;4;80
385;5;20
385;6;46
385;7;63
385;8;72
385;9;65
385;10;75
385;11;0
386;1;27
386;2;87
386;3;6
386;4;39
386;5;94
386;6;51
386;7;84
386;8;21
386;9;32
386;10;61
386;11;0
387;1;38
387;2;48
387;3;32
387;4;93
387;5;89
387;6;18
387;7;15
387;8;68
387;9;12
387;10;23
387;11;0
388;1;61
388;2;59
388;3;47
388;4;98
388;5;45
388;6;19
388;7;25
388;8;27
388;9;99
388;10;33
388;11;0
389;1;50
389;2;82
389;3;23
389;4;32
389;5;71
389;6;73
389;7;9
389;8;97
389;9;77
389;10;64
389;11;0
390;1;83
390;2;61
390;3;55
390;4;52
390;5;58
390;6;57
390;7;90
390;8;60
390;9;41
390;10;56
390;11;0
391;1;19
391;2;6
391;3;76
391;4;8
391;5;52
391;6;70
391;7;46
391;8;16
391;9;72
391;10;89
391;11;0
392;1;34
392;2;95
392;3;80
392;4;84
392;5;36
392;6;56
392;7;6
392;8;37
392;9;2
392;10;58
392;11;0
393;1;63
393;2;44
393;3;2
393;4;6
393;5;65
393;6;76
393;7;85
393;8;69
393;9;72
393;10;26
393;11;0
394;1;64
394;2;44
394;3;45
394;4;51
394;5;61
394;6;91
394;7;47
394;8;74
394;9;32
394;10;12
394;11;0
395;1;79
395;2;48
395;3;39
395;4;52
395;5;50
395;6;73
395;7;70
395;8;37
395;9;42
395;10;80
395;11;0
396;1;96
396;2;93
396;3;82
396;4;46
396;5;73
396;6;75
396;7;28
396;8;18
396;9;68
396;10;48
396;11;0
397;1;6
397;2;17
397;3;7
397;4;60
397;5;88
397;6;80
397;7;83
397;8;20
397;9;16
397;10;58
397;11;0
398;1;16
398;2;9
398;3;40
398;4;39
398;5;58
398;6;28
398;7;71
398;8;24
398;9;68
398;10;82
398;11;0
399;1;67
399;2;40
399;3;100
399;4;56
399;5;41
399;6;34
399;7;55
399;8;99
399;9;53
399;10;65
399;11;0
400;1;33
400;2;93
400;3;10
400;4;36
400;5;16
400;6;21
400;7;74
400;8;46
400;9;58
400;10;75
400;11;0
401;1;4
401;2;7
401;3;46
401;4;44
401;5;88
401;6;69
401;7;71
401;8;92
401;9;73
401;10;70
401;11;0
402;1;24
402;2;36
402;3;89
402;4;21
402;5;57
402;6;6
402;7;87
402;8;45
402;9;12
402;10;77
402;11;0
403;1;49
403;2;25
403;3;67
403;4;9
403;5;18
403;6;10
403;7;17
403;8;30
403;9;81
403;10;23
403;11;0
404;1;65
404;2;25
404;3;22
404;4;99
404;5;54
404;6;77
404;7;43
404;8;70
404;9;82
404;10;52
404;11;0
405;1;53
405;2;36
405;3;59
405;4;85
405;5;98
405;6;37
405;7;13
405;8;78
405;9;8
405;10;54
405;11;0
406;1;18
406;2;72
406;3;33
406;4;30
406;5;92
406;6;49
406;7;90
406;8;51
406;9;79
406;10;20
406;11;0
407;1;33
407;2;15
407;3;73
407;4;94
407;5;18
407;6;38
407;7;67
407;8;16
407;9;9
407;10;50
407;11;0
408;1;26
408;2;12
408;3;40
408;4;49
408;5;25
408;6;18
408;7;75
408;8;23
408;9;67
408;10;88
408;11;0
409;1;76
409;2;56
409;3;43
409;4;15
409;5;54
409;6;17
409;7;49
409;8;99
409;9;66
409;10;6
409;11;0
410;1;96
410;2;31
410;3;47
410;4;26
410;5;13
410;6;30
410;7;37
410;8;9
410;9;50
410;10;64
410;11;0
411;1;23
411;2;63
411;3;1
411;4;40
411;5;27
411;6;55
411;7;75
411;8;17
411;9;14
411;10;95
411;11;0
412;1;86
412;2;73
412;3;91
412;4;57
412;5;84
412;6;69
412;7;34
412;8;10
412;9;15
412;10;95
412;11;0
413;1;62
413;2;5
413;3;63
413;4;24
413;5;97
413;6;73
413;7;83
413;8;87
413;9;98
413;10;21
413;11;0
414;1;4
414;2;44
414;3;14
414;4;88
414;5;26
414;6;17
414;7;75
414;8;50
414;9;30
414;10;37
414;11;0
415;1;79
415;2;9
415;3;35
415;4;26
415;5;90
415;6;66
415;7;13
415;8;19
415;9;78
415;10;4
415;11;0
416;1;73
416;2;10
416;3;41
416;4;12
416;5;2
416;6;55
416;7;67
416;8;69
416;9;40
416;10;68
416;11;0
417;1;86
417;2;90
417;3;18
417;4;72
417;5;34
417;6;7
417;7;71
417;8;57
417;9;97
417;10;19
417;11;0
418;1;26
418;2;83
418;3;53
418;4;41
418;5;11
418;6;45
418;7;51
418;8;59
418;9;25
418;10;75
418;11;0
419;1;73
419;2;40
419;3;71
419;4;98
419;5;59
419;6;24
419;7;56
419;8;5
419;9;37
419;10;44
419;11;0
420;1;90
420;2;7
420;3;93
420;4;6
420;5;32
420;6;78
420;7;13
420;8;88
420;9;15
420;10;2
420;11;0
421;1;54
421;2;37
421;3;44
421;4;52
421;5;94
421;6;58
421;7;73
421;8;78
421;9;64
421;10;75
421;11;0
422;1;98
422;2;49
422;3;43
422;4;75
422;5;38
422;6;19
422;7;61
422;8;81
422;9;78
422;10;25
422;11;0
423;1;68
423;2;3
423;3;17
423;4;39
423;5;97
423;6;12
423;7;30
423;8;90
423;9;82
423;10;63
423;11;0
424;1;97
424;2;52
424;3;15
424;4;26
424;5;86
424;6;72
424;7;60
424;8;83
424;9;31
424;10;7
424;11;0
425;1;66
425;2;58
425;3;6
425;4;93
425;5;86
425;6;62
425;7;98
425;8;38
425;9;34
425;10;31
425;11;0
426;1;35
426;2;78
426;3;79
426;4;75
426;5;42
426;6;29
426;7;10
426;8;49
426;9;27
426;10;44
426;11;0
427;1;53
427;2;42
427;3;93
427;4;16
427;5;46
427;6;63
427;7;89
427;8;82
427;9;80
427;10;14
427;11;0
428;1;53
428;2;9
428;3;64
428;4;93
428;5;76
428;6;86
428;7;58
428;8;6
428;9;61
428;10;33
428;11;0
429;1;41
429;2;4
429;3;70
429;4;8
429;5;27
429;6;14
429;7;46
429;8;61
429;9;26
429;10;84
429;11;0
430;1;23
430;2;11
430;3;61
430;4;16
430;5;68
430;6;70
430;7;87
430;8;13
430;9;3
430;10;45
430;11;0
431;1;38
431;2;89
431;3;75
431;4;21
431;5;83
431;6;19
431;7;94
431;8;98
431;9;57
431;10;43
431;11;0
432;1;76
432;2;48
432;3;36
432;4;81
432;5;83
432;6;73
432;7;96
432;8;11
432;9;88
432;10;10
432;11;0
433;1;2
433;2;19
433;3;83
433;4;10
433;5;78
433;6;93
433;7;95
433;8;9
433;9;12
433;10;21
433;11;0
434;1;77
434;2;36
434;3;35
434;4;11
434;5;85
434;6;32
434;7;72
434;8;64
434;9;39
434;10;91
434;11;0
435;1;72
435;2;21
435;3;8
435;4;15
435;5;82
435;6;78
435;7;18
435;8;93
435;9;29
435;10;99
435;11;0
436;1;51
436;2;39
436;3;21
436;4;28
436;5;70
436;6;20
436;7;49
436;8;11
436;9;46
436;10;74
436;11;0
437;1;71
437;2;36
437;3;63
437;4;56
437;5;75
437;6;76
437;7;15
437;8;92
437;9;82
437;10;53
437;11;0
438;1;51
438;2;74
438;3;16
438;4;36
438;5;66
438;6;78
438;7;14
438;8;31
438;9;80
438;10;22
438;11;0
439;1;63
439;2;32
439;3;11
439;4;44
439;5;26
439;6;43
439;7;7
439;8;1
439;9;33
439;10;85
439;11;0
440;1;54
440;2;82
440;3;76
440;4;61
440;5;7
440;6;40
440;7;90
440;8;11
440;9;48
440;10;9
440;11;0
441;1;84
441;2;1
441;3;54
441;4;59
441;5;43
441;6;66
441;7;23
441;8;37
441;9;2
441;10;76
441;11;0
442;1;46
442;2;78
442;3;37
442;4;10
442;5;20
442;6;67
442;7;45
442;8;60
442;9;40
442;10;47
442;11;0
443;1;93
443;2;69
443;3;15
443;4;4
443;5;50
443;6;35
443;7;72
443;8;45
443;9;29
443;10;5
443;11;0
444;1;85
444;2;19
444;3;22
444;4;82
444;5;30
444;6;65
444;7;48
444;8;51
444;9;36
444;10;3
444;11;0
445;1;21
445;2;37
445;3;57
445;4;61
445;5;32
445;6;5
445;7;14
445;8;35
445;9;33
445;10;60
445;11;0
446;1;51
446;2;3
446;3;18
446;4;35
446;5;5
446;6;57
446;7;59
446;8;80
446;9;55
446;10;95
446;11;0
447;1;54
447;2;15
447;3;41
447;4;19
447;5;21
447;6;46
447;7;47
447;8;50
447;9;56
447;10;35
447;11;0
448;1;17
448;2;58
448;3;43
448;4;76
448;5;44
448;6;100
448;7;14
448;8;29
448;9;36
448;10;95
448;11;0
449;1;4
449;2;95
449;3;41
449;4;26
449;5;68
449;6;61
449;7;72
449;8;78
449;9;90
449;10;30
449;11;0
450;1;66
450;2;99
450;3;53
450;4;40
450;5;65
450;6;70
450;7;24
450;8;68
450;9;86
450;10;35
450;11;0
451;1;33
451;2;59
451;3;100
451;4;49
451;5;91
451;6;31
451;7;98
451;8;5
451;9;40
451;10;93
451;11;0
452;1;21
452;2;15
452;3;30
452;4;6
452;5;80
452;6;31
452;7;19
452;8;66
452;9;26
452;10;99
452;11;0
453;1;20
453;2;70
453;3;81
453;4;73
453;5;67
453;6;69
453;7;54
453;8;42
453;9;33
453;10;37
453;11;0
454;1;75
454;2;40
454;3;83
454;4;67
454;5;59
454;6;63
454;7;41
454;8;8
454;9;64
454;10;84
454;11;0
455;1;58
455;2;53
455;3;8
455;4;14
455;5;79
455;6;76
455;7;22
455;8;28
455;9;91
455;10;13
455;11;0
456;1;43
456;2;57
456;3;48
456;4;31
456;5;13
456;6;98
456;7;83
456;8;88
456;9;5
456;10;1
456;11;0
457;1;40
457;2;22
457;3;47
457;4;31
457;5;83
457;6;81
457;7;32
457;8;43
457;9;14
457;10;37
457;11;0
458;1;5
458;2;36
458;3;42
458;4;23
458;5;74
458;6;85
458;7;12
458;8;41
458;9;7
458;10;88
458;11;0
459;1;25
459;2;97
459;3;57
459;4;43
459;5;18
459;6;55
459;7;92
459;8;34
459;9;9
459;10;63
459;11;0
460;1;79
460;2;99
460;3;37
460;4;35
460;5;77
460;6;91
460;7;28
460;8;71
460;9;81
460;10;75
460;11;0
461;1;61
461;2;68
461;3;5
461;4;33
461;5;89
461;6;80
461;7;88
461;8;99
461;9;94
461;10;47
461;11;0
462;1;46
462;2;10
462;3;60
462;4;37
462;5;66
462;6;11
462;7;81
462;8;51
462;9;88
462;10;15
462;11;0
463;1;83
463;2;22
463;3;8
463;4;71
463;5;79
463;6;78
463;7;24
463;8;2
463;9;60
463;10;45
463;11;0
464;1;73
464;2;70
464;3;56
464;4;98
464;5;68
464;6;44
464;7;42
464;8;20
464;9;13
464;10;37
464;11;0
465;1;30
465;2;49
465;3;2
465;4;18
465;5;89
465;6;92
465;7;43
465;8;20
465;9;60
465;10;80
465;11;0
466;1;82
466;2;49
466;3;11
466;4;57
466;5;60
466;6;86
466;7;90
466;8;62
466;9;97
466;10;25
466;11;0
467;1;56
467;2;87
467;3;14
467;4;80
467;5;29
467;6;47
467;7;72
467;8;74
467;9;41
467;10;33
467;11;0
468;1;33
468;2;2
468;3;92
468;4;59
468;5;86
468;6;11
468;7;77
468;8;84
468;9;31
468;10;5
468;11;0
469;1;44
469;2;73
469;3;16
469;4;81
469;5;1
469;6;100
469;7;18
469;8;36
469;9;50
469;10;11
469;11;0
470;1;67
470;2;89
470;3;95
470;4;73
470;5;6
470;6;92
470;7;85
470;8;14
470;9;22
470;10;75
470;11;0
471;1;80
471;2;42
471;3;14
471;4;89
471;5;24
471;6;84
471;7;3
471;8;79
471;9;2
471;10;51
471;11;0
472;1;49
472;2;3
472;3;71
472;4;55
472;5;94
472;6;8
472;7;35
472;8;84
472;9;65
472;10;32
472;11;0
473;1;64
473;2;42
473;3;43
473;4;60
473;5;40
473;6;22
473;7;20
473;8;50
473;9;19
473;10;29
473;11;0
474;1;99
474;2;48
474;3;7
474;4;52
474;5;23
474;6;80
474;7;47
474;8;88
474;9;29
474;10;98
474;11;0
475;1;62
475;2;16
475;3;41
475;4;66
475;5;89
475;6;57
475;7;91
475;8;94
475;9;27
475;10;96
475;11;0
476;1;63
476;2;56
476;3;62
476;4;81
476;5;17
476;6;64
476;7;88
476;8;6
476;9;42
476;10;15
476;11;0
477;1;97
477;2;1
477;3;41
477;4;81
477;5;16
477;6;6
477;7;78
477;8;35
477;9;62
477;10;5
477;11;0
478;1;92
478;2;82
478;3;8
478;4;6
478;5;9
478;6;62
478;7;100
478;8;38
478;9;84
478;10;72
478;11;0
479;1;39
479;2;58
479;3;31
479;4;22
479;5;52
479;6;63
479;7;67
479;8;83
479;9;73
479;10;65
479;11;0
480;1;100
480;2;90
480;3;82
480;4;41
480;5;91
480;6;4
480;7;42
480;8;55
480;9;14
480;10;16
480;11;0
481;1;85
481;2;17
481;3;68
481;4;36
481;5;5
481;6;70
481;7;13
481;8;50
481;9;25
481;10;44
481;11;0
482;1;50
482;2;83
482;3;32
482;4;3
482;5;29
482;6;84
482;7;34
482;8;37
482;9;99
482;10;11
482;11;0
483;1;6
483;2;80
483;3;52
483;4;46
483;5;30
483;6;62
483;7;81
483;8;44
483;9;37
483;10;90
483;11;0
484;1;46
484;2;93
484;3;55
484;4;81
484;5;48
484;6;13
484;7;97
484;8;73
484;9;3
484;10;25
484;11;0
485;1;9
485;2;69
485;3;51
485;4;75
485;5;84
485;6;96
485;7;83
485;8;24
485;9;37
485;10;66
485;11;0
486;1;83
486;2;45
486;3;18
486;4;27
486;5;63
486;6;64
486;7;41
486;8;78
486;9;30
486;10;88
486;11;0
487;1;46
487;2;27
487;3;47
487;4;33
487;5;42
487;6;68
487;7;58
487;8;35
487;9;44
487;10;67
487;11;0
488;1;14
488;2;46
488;3;76
488;4;16
488;5;25
488;6;5
488;7;34
488;8;54
488;9;31
488;10;27
488;11;0
489;1;68
489;2;78
489;3;44
489;4;11
489;5;81
489;6;40
489;7;60
489;8;71
489;9;99
489;10;86
489;11;0
490;1;4
490;2;93
490;3;54
490;4;37
490;5;81
490;6;86
490;7;49
490;8;41
490;9;22
490;10;94
490;11;0
491;1;7
491;2;70
491;3;98
491;4;100
491;5;6
491;6;50
491;7;19
491;8;33
491;9;18
491;10;52
491;11;0
492;1;59
492;2;92
492;3;85
492;4;88
492;5;83
492;6;17
492;7;73
492;8;42
492;9;97
492;10;25
492;11;0
493;1;51
493;2;76
493;3;41
493;4;38
493;5;90
493;6;74
493;7;82
493;8;34
493;9;45
493;10;58
493;11;0
494;1;43
494;2;83
494;3;98
494;4;17
494;5;61
494;6;60
494;7;64
494;8;10
494;9;58
494;10;22
494;11;0
495;1;72
495;2;55
495;3;56
495;4;32
495;5;20
495;6;33
495;7;59
495;8;91
495;9;6
495;10;67
495;11;0
496;1;8
496;2;54
496;3;75
496;4;49
496;5;42
496;6;94
496;7;3
496;8;76
496;9;81
496;10;18
496;11;0
497;1;94
497;2;64
497;3;44
497;4;45
497;5;91
497;6;58
497;7;69
497;8;96
497;9;32
497;10;49
497;11;0
498;1;58
498;2;97
498;3;75
498;4;18
498;5;95
498;6;93
498;7;31
498;8;82
498;9;23
498;10;66
498;11;0
499;1;31
499;2;17
499;3;94
499;4;33
499;5;44
499;6;59
499;7;40
499;8;80
499;9;54
499;10;100
499;11;0
500;1;18
500;2;4
500;3;75
500;4;79
500;5;26
500;6;86
500;7;60
500;8;21
500;9;89
500;10;78
500;11;0
501;1;43
501;2;100
501;3;46
501;4;85
501;5;93
501;6;51
501;7;7
501;8;27
501;9;91
501;10;64
501;11;0
502;1;64
502;2;21
502;3;1
502;4;59
502;5;13
502;6;68
502;7;53
502;8;34
502;9;45
502;10;5
502;11;0
503;1;84
503;2;23
503;3;60
503;4;37
503;5;95
503;6;47
503;7;17
503;8;16
503;9;35
503;10;65
503;11;0
504;1;25
504;2;88
504;3;30
504;4;51
504;5;60
504;6;23
504;7;6
504;8;81
504;9;44
504;10;13
504;11;0
505;1;2
505;2;37
505;3;45
505;4;68
505;5;66
505;6;42
505;7;8
505;8;6
505;9;57
505;10;46
505;11;0
506;1;10
506;2;27
506;3;6
506;4;22
506;5;46
506;6;39
506;7;9
506;8;87
506;9;75
506;10;91
506;11;0
507;1;94
507;2;67
507;3;96
507;4;45
507;5;36
507;6;93
507;7;59
507;8;17
507;9;79
507;10;19
507;11;0
508;1;97
508;2;74
508;3;25
508;4;94
508;5;96
508;6;68
508;7;52
508;8;54
508;9;89
508;10;3
508;11;0
509;1;91
509;2;60
509;3;31
509;4;12
509;5;87
509;6;92
509;7;44
509;8;47
509;9;57
509;10;38
509;11;0
510;1;63
510;2;27
510;3;70
510;4;14
510;5;68
510;6;19
510;7;9
510;8;76
510;9;100
510;10;81
510;11;0
511;1;82
511;2;48
511;3;72
511;4;51
511;5;3
511;6;20
511;7;70
511;8;36
511;9;8
511;10;54
511;11;0
512;1;51
512;2;7
512;3;20
512;4;53
512;5;14
512;6;73
512;7;10
512;8;4
512;9;35
512;10;84
512;11;0
513;1;21
513;2;58
513;3;49
513;4;35
513;5;42
513;6;23
513;7;47
513;8;69
513;9;71
513;10;97
513;11;0
514;1;48
514;2;25
514;3;57
514;4;6
514;5;21
514;6;97
514;7;67
514;8;18
514;9;34
514;10;76
514;11;0
515;1;44
515;2;64
515;3;88
515;4;27
515;5;20
515;6;70
515;7;9
515;8;13
515;9;49
515;10;89
515;11;0
516;1;45
516;2;65
516;3;80
516;4;74
516;5;78
516;6;33
516;7;3
516;8;9
516;9;85
516;10;14
516;11;0
517;1;13
517;2;55
517;3;47
517;4;30
517;5;5
517;6;29
517;7;16
517;8;37
517;9;60
517;10;68
517;11;0
518;1;12
518;2;89
518;3;1
518;4;7
518;5;83
518;6;27
518;7;37
518;8;72
518;9;16
518;10;66
518;11;0
519;1;57
519;2;76
519;3;95
519;4;80
519;5;65
519;6;36
519;7;12
519;8;16
519;9;40
519;10;33
519;11;0
520;1;78
520;2;53
520;3;81
520;4;89
520;5;85
520;6;65
520;7;49
520;8;90
520;9;75
520;10;17
520;11;0
521;1;80
521;2;65
521;3;32
521;4;16
521;5;100
521;6;75
521;7;28
521;8;47
521;9;4
521;10;78
521;11;0
522;1;47
522;2;7
522;3;41
522;4;83
522;5;67
522;6;1
522;7;87
522;8;75
522;9;79
522;10;17
522;11;0
523;1;31
523;2;76
523;3;55
523;4;5
523;5;33
523;6;49
523;7;77
523;8;96
523;9;98
523;10;3
523;11;0
524;1;94
524;2;34
524;3;60
524;4;93
524;5;37
524;6;45
524;7;73
524;8;13
524;9;30
524;10;32
524;11;0
525;1;47
525;2;91
525;3;43
525;4;98
525;5;72
525;6;5
525;7;20
525;8;66
525;9;29
525;10;50
525;11;0
526;1;21
526;2;48
526;3;46
526;4;74
526;5;88
526;6;16
526;7;34
526;8;20
526;9;19
526;10;36
526;11;0
527;1;48
527;2;92
527;3;75
527;4;22
527;5;40
527;6;24
527;7;60
527;8;80
527;9;50
527;10;51
527;11;0
528;1;13
528;2;99
528;3;21
528;4;55
528;5;54
528;6;88
528;7;8
528;8;30
528;9;17
528;10;76
528;11;0
529;1;33
529;2;66
529;3;90
529;4;70
529;5;97
529;6;78
529;7;20
529;8;10
529;9;36
529;10;65
529;11;0
530;1;74
530;2;20
530;3;69
530;4;3
530;5;61
530;6;54
530;7;18
530;8;42
530;9;90
530;10;65
530;11;0
531;1;53
531;2;55
531;3;52
531;4;96
531;5;8
531;6;43
531;7;92
531;8;66
531;9;88
531;10;25
531;11;0
532;1;2
532;2;7
532;3;41
532;4;52
532;5;22
532;6;21
532;7;86
532;8;47
532;9;74
532;10;40
532;11;0
533;1;63
533;2;94
533;3;48
533;4;34
533;5;37
533;6;87
533;7;47
533;8;5
533;9;72
533;10;2
533;11;0
534;1;63
534;2;99
534;3;92
534;4;17
534;5;38
534;6;91
534;7;27
534;8;98
534;9;50
534;10;14
534;11;0
535;1;58
535;2;17
535;3;48
535;4;36
535;5;60
535;6;75
535;7;84
535;8;10
535;9;3
535;10;87
535;11;0
536;1;13
536;2;54
536;3;85
536;4;91
536;5;89
536;6;32
536;7;37
536;8;49
536;9;7
536;10;62
536;11;0
537;1;73
537;2;98
537;3;40
537;4;55
537;5;80
537;6;12
537;7;57
537;8;37
537;9;31
537;10;62
537;11;0
538;1;86
538;2;13
538;3;72
538;4;33
538;5;55
538;6;54
538;7;6
538;8;81
538;9;53
538;10;91
538;11;0
539;1;50
539;2;18
539;3;99
539;4;34
539;5;32
539;6;24
539;7;19
539;8;29
539;9;100
539;10;78
539;11;0
540;1;87
540;2;37
540;3;22
540;4;81
540;5;85
540;6;79
540;7;46
540;8;55
540;9;39
540;10;62
540;11;0
541;1;26
541;2;25
541;3;1
541;4;12
541;5;43
541;6;10
541;7;83
541;8;79
541;9;27
541;10;56
541;11;0
542;1;72
542;2;90
542;3;74
542;4;42
542;5;1
542;6;49
542;7;79
542;8;2
542;9;27
542;10;60
542;11;0
543;1;82
543;2;73
543;3;61
543;4;65
543;5;74
543;6;22
543;7;54
543;8;85
543;9;81
543;10;36
543;11;0
544;1;43
544;2;9
544;3;3
544;4;1
544;5;96
544;6;60
544;7;97
544;8;71
544;9;79
544;10;99
544;11;0
545;1;28
545;2;91
545;3;72
545;4;5
545;5;86
545;6;46
545;7;19
545;8;48
545;9;52
545;10;45
545;11;0
546;1;45
546;2;31
546;3;4
546;4;99
546;5;92
546;6;7
546;7;30
546;8;75
546;9;40
546;10;88
546;11;0
547;1;29
547;2;46
547;3;21
547;4;65
547;5;3
547;6;45
547;7;35
547;8;41
547;9;14
547;10;87
547;11;0
548;1;54
548;2;70
548;3;74
548;4;64
548;5;60
548;6;59
548;7;99
548;8;66
548;9;72
548;10;94
548;11;0
549;1;23
549;2;92
549;3;66
549;4;4
549;5;48
549;6;32
549;7;61
549;8;1
549;9;67
549;10;70
549;11;0
550;1;11
550;2;77
550;3;47
550;4;39
550;5;94
550;6;1
550;7;43
550;8;42
550;9;73
550;10;53
550;11;0
551;1;3
551;2;46
551;3;69
551;4;23
551;5;100
551;6;89
551;7;5
551;8;65
551;9;26
551;10;24
551;11;0
552;1;33
552;2;21
552;3;64
552;4;43
552;5;5
552;6;8
552;7;100
552;8;35
552;9;28
552;10;32
552;11;0
553;1;34
553;2;52
553;3;66
553;4;80
553;5;98
553;6;88
553;7;69
553;8;16
553;9;11
553;10;86
553;11;0
554;1;3
554;2;22
554;3;6
554;4;61
554;5;73
554;6;57
554;7;15
554;8;42
554;9;98
554;10;45
554;11;0
555;1;27
555;2;18
555;3;38
555;4;36
555;5;97
555;6;81
555;7;4
555;8;43
555;9;13
555;10;1
555;11;0
556;1;67
556;2;85
556;3;80
556;4;81
556;5;11
556;6;30
556;7;72
556;8;83
556;9;99
556;10;45
556;11;0
557;1;3
557;2;100
557;3;12
557;4;35
557;5;64
557;6;83
557;7;49
557;8;77
557;9;80
557;10;38
557;11;0
558;1;10
558;2;26
558;3;63
558;4;6
558;5;5
558;6;23
558;7;1
558;8;87
558;9;61
558;10;56
558;11;0
559;1;13
559;2;52
559;3;98
559;4;38
559;5;42
559;6;76
559;7;4
559;8;78
559;9;61
559;10;80
559;11;0
560;1;28
560;2;11
560;3;92
560;4;13
560;5;3
560;6;21
560;7;20
560;8;65
560;9;31
560;10;32
560;11;0
561;1;98
561;2;99
561;3;49
561;4;48
561;5;80
561;6;5
561;7;67
561;8;36
561;9;1
561;10;13
561;11;0
562;1;23
562;2;42
562;3;73
562;4;98
562;5;95
562;6;37
562;7;53
562;8;100
562;9;13
562;10;43
562;11;0
563;1;90
563;2;13
563;3;80
563;4;64
563;5;78
563;6;12
563;7;51
563;8;100
563;9;57
563;10;37
563;11;0
564;1;17
564;2;42
564;3;92
564;4;28
564;5;39
564;6;9
564;7;72
564;8;40
564;9;16
564;10;93
564;11;0
565;1;65
565;2;46
565;3;3
565;4;24
565;5;47
565;6;40
565;7;69
565;8;54
565;9;67
565;10;18
565;11;0
566;1;67
566;2;4
566;3;66
566;4;37
566;5;18
566;6;11
566;7;10
566;8;28
566;9;73
566;10;41
566;11;0
567;1;62
567;2;45
567;3;75
567;4;98
567;5;28
567;6;64
567;7;30
567;8;85
567;9;53
567;10;70
567;11;0
568;1;44
568;2;47
568;3;22
568;4;53
568;5;45
568;6;85
568;7;17
568;8;83
568;9;1
568;10;8
568;11;0
569;1;69
569;2;48
569;3;98
569;4;97
569;5;43
569;6;53
569;7;83
569;8;29
569;9;26
569;10;73
569;11;0
570;1;19
570;2;70
570;3;51
570;4;49
570;5;18
570;6;66
570;7;100
570;8;50
570;9;68
570;10;78
570;11;0
571;1;76
571;2;80
571;3;33
571;4;74
571;5;40
571;6;77
571;7;69
571;8;66
571;9;23
571;10;38
571;11;0
572;1;100
572;2;89
572;3;29
572;4;44
572;5;80
572;6;66
572;7;84
572;8;1
572;9;57
572;10;19
572;11;0
573;1;89
573;2;1
573;3;17
573;4;57
573;5;77
573;6;51
573;7;10
573;8;76
573;9;9
573;10;18
573;11;0
574;1;95
574;2;53
574;3;7
574;4;18
574;5;10
574;6;41
574;7;91
574;8;52
574;9;71
574;10;83
574;11;0
575;1;16
575;2;56
575;3;24
575;4;69
575;5;94
575;6;76
575;7;90
575;8;6
575;9;46
575;10;30
575;11;0
576;1;16
576;2;95
576;3;63
576;4;54
576;5;20
576;6;38
576;7;21
576;8;99
576;9;34
576;10;97
576;11;0
577;1;15
577;2;77
577;3;83
577;4;9
577;5;24
577;6;39
577;7;66
577;8;46
577;9;44
577;10;62
577;11;0
578;1;95
578;2;90
578;3;53
578;4;48
578;5;99
578;6;94
578;7;78
578;8;81
578;9;76
578;10;77
578;11;0
579;1;99
579;2;58
579;3;96
579;4;15
579;5;5
579;6;54
579;7;56
579;8;31
579;9;14
579;10;63
579;11;0
580;1;63
580;2;60
580;3;84
580;4;53
580;5;14
580;6;23
580;7;72
580;8;58
580;9;82
580;10;34
580;11;0
581;1;34
581;2;51
581;3;37
581;4;4
581;5;47
581;6;44
581;7;40
581;8;18
581;9;84
581;10;80
581;11;0
582;1;65
582;2;52
582;3;98
582;4;32
582;5;68
582;6;11
582;7;53
582;8;26
582;9;45
582;10;12
582;11;0
583;1;99
583;2;81
583;3;14
583;4;7
583;5;32
583;6;22
583;7;26
583;8;18
583;9;96
583;10;39
583;11;0
584;1;1
584;2;12
584;3;64
584;4;8
584;5;15
584;6;14
584;7;26
584;8;32
584;9;100
584;10;24
584;11;0
585;1;79
585;2;71
585;3;23
585;4;14
585;5;56
585;6;59
585;7;6
585;8;93
585;9;4
585;10;29
585;11;0
586;1;90
586;2;10
586;3;82
586;4;47
586;5;78
586;6;15
586;7;44
586;8;60
586;9;18
586;10;96
586;11;0
587;1;5
587;2;50
587;3;65
587;4;35
587;5;8
587;6;23
587;7;45
587;8;16
587;9;60
587;10;98
587;11;0
588;1;17
588;2;40
588;3;11
588;4;18
588;5;67
588;6;88
588;7;80
588;8;13
588;9;2
588;10;10
588;11;0
589;1;26
589;2;77
589;3;49
589;4;98
589;5;91
589;6;74
589;7;11
589;8;69
589;9;41
589;10;34
589;11;0
590;1;40
590;2;72
590;3;43
590;4;56
590;5;46
590;6;35
590;7;94
590;8;76
590;9;11
590;10;48
590;11;0
591;1;2
591;2;47
591;3;48
591;4;96
591;5;52
591;6;100
591;7;42
591;8;69
591;9;51
591;10;55
591;11;0
592;1;43
592;2;78
592;3;75
592;4;61
592;5;95
592;6;51
592;7;11
592;8;8
592;9;2
592;10;31
592;11;0
593;1;60
593;2;91
593;3;51
593;4;15
593;5;79
593;6;97
593;7;6
593;8;85
593;9;71
593;10;90
593;11;0
594;1;87
594;2;41
594;3;50
594;4;76
594;5;100
594;6;69
594;7;44
594;8;86
594;9;93
594;10;37
594;11;0
595;1;45
595;2;1
595;3;94
595;4;43
595;5;41
595;6;23
595;7;69
595;8;38
595;9;21
595;10;62
595;11;0
596;1;55
596;2;68
596;3;97
596;4;69
596;5;27
596;6;76
596;7;44
596;8;21
596;9;61
596;10;98
596;11;0
597;1;2
597;2;91
597;3;27
597;4;92
597;5;86
597;6;85
597;7;33
597;8;90
597;9;8
597;10;96
597;11;0
598;1;78
598;2;20
598;3;62
598;4;7
598;5;32
598;6;53
598;7;6
598;8;74
598;9;43
598;10;72
598;11;0
599;1;10
599;2;22
599;3;38
599;4;85
599;5;11
599;6;12
599;7;54
599;8;77
599;9;48
599;10;65
599;11;0
600;1;51
600;2;40
600;3;50
600;4;71
600;5;80
600;6;16
600;7;33
600;8;61
600;9;27
600;10;76
600;11;0
601;1;67
601;2;92
601;3;49
601;4;19
601;5;37
601;6;5
601;7;76
601;8;24
601;9;68
601;10;53
601;11;0
602;1;28
602;2;98
602;3;97
602;4;81
602;5;53
602;6;96
602;7;72
602;8;10
602;9;52
602;10;49
602;11;0
603;1;83
603;2;14
603;3;49
603;4;60
603;5;26
603;6;70
603;7;10
603;8;99
603;9;16
603;10;56
603;11;0
604;1;13
604;2;77
604;3;32
604;4;84
604;5;2
604;6;97
604;7;75
604;8;59
604;9;43
604;10;52
604;11;0
605;1;88
605;2;24
605;3;75
605;4;98
605;5;71
605;6;13
605;7;74
605;8;43
605;9;40
605;10;28
605;11;0
606;1;58
606;2;9
606;3;3
606;4;12
606;5;42
606;6;91
606;7;52
606;8;65
606;9;29
606;10;27
606;11;0
607;1;96
607;2;31
607;3;63
607;4;81
607;5;78
607;6;88
607;7;93
607;8;57
607;9;34
607;10;6
607;11;0
608;1;69
608;2;52
608;3;54
608;4;100
608;5;44
608;6;88
608;7;90
608;8;56
608;9;78
608;10;49
608;11;0
609;1;32
609;2;85
609;3;99
609;4;88
609;5;92
609;6;42
609;7;33
609;8;31
609;9;11
609;10;74
609;11;0
610;1;64
610;2;22
610;3;90
610;4;100
610;5;35
610;6;40
610;7;55
610;8;48
610;9;27
610;10;2
610;11;0
611;1;57
611;2;53
611;3;83
611;4;16
611;5;86
611;6;85
611;7;76
611;8;80
611;9;7
611;10;95
611;11;0
612;1;75
612;2;4
612;3;46
612;4;52
612;5;65
612;6;2
612;7;32
612;8;77
612;9;9
612;10;31
612;11;0
613;1;93
613;2;3
613;3;85
613;4;72
613;5;98
613;6;62
613;7;48
613;8;90
613;9;75
613;10;78
613;11;0
614;1;69
614;2;86
614;3;59
614;4;97
614;5;41
614;6;42
614;7;31
614;8;25
614;9;79
614;10;51
614;11;0
615;1;69
615;2;98
615;3;10
615;4;34
615;5;47
615;6;90
615;7;71
615;8;6
615;9;56
615;10;14
615;11;0
616;1;84
616;2;64
616;3;32
616;4;85
616;5;47
616;6;38
616;7;94
616;8;8
616;9;44
616;10;52
616;11;0
617;1;27
617;2;37
617;3;87
617;4;51
617;5;34
617;6;25
617;7;60
617;8;98
617;9;29
617;10;59
617;11;0
618;1;53
618;2;49
618;3;58
618;4;76
618;5;6
618;6;11
618;7;96
618;8;98
618;9;28
618;10;83
618;11;0
619;1;96
619;2;32
619;3;6
619;4;47
619;5;25
619;6;38
619;7;51
619;8;34
619;9;45
619;10;64
619;11;0
620;1;17
620;2;71
620;3;38
620;4;92
620;5;70
620;6;99
620;7;87
620;8;90
620;9;37
620;10;69
620;11;0
621;1;70
621;2;71
621;3;62
621;4;96
621;5;66
621;6;93
621;7;54
621;8;40
621;9;75
621;10;79
621;11;0
622;1;45
622;2;11
622;3;51
622;4;28
622;5;16
622;6;35
622;7;15
622;8;92
622;9;89
622;10;17
622;11;0
623;1;11
623;2;68
623;3;32
623;4;20
623;5;42
623;6;88
623;7;49
623;8;95
623;9;8
623;10;33
623;11;0
624;1;85
624;2;50
624;3;68
624;4;82
624;5;3
624;6;29
624;7;60
624;8;52
624;9;93
624;10;76
624;11;0
625;1;74
625;2;13
625;3;79
625;4;70
625;5;49
625;6;32
625;7;22
625;8;26
625;9;48
625;10;59
625;11;0
626;1;69
626;2;91
626;3;16
626;4;74
626;5;64
626;6;54
626;7;36
626;8;24
626;9;48
626;10;20
626;11;0
627;1;36
627;2;98
627;3;71
627;4;49
627;5;35
627;6;85
627;7;60
627;8;75
627;9;66
627;10;23
627;11;0
628;1;19
628;2;89
628;3;43
628;4;47
628;5;70
628;6;18
628;7;57
628;8;56
628;9;100
628;10;52
628;11;0
629;1;54
629;2;62
629;3;55
629;4;31
629;5;73
629;6;80
629;7;10
629;8;34
629;9;85
629;10;69
629;11;0
630;1;61
630;2;5
630;3;55
630;4;28
630;5;23
630;6;22
630;7;40
630;8;17
630;9;98
630;10;64
630;11;0
631;1;34
631;2;9
631;3;23
631;4;66
631;5;100
631;6;73
631;7;84
631;8;26
631;9;55
631;10;38
631;11;0
632;1;95
632;2;22
632;3;98
632;4;81
632;5;72
632;6;48
632;7;75
632;8;28
632;9;90
632;10;83
632;11;0
633;1;65
633;2;80
633;3;18
633;4;86
633;5;53
633;6;8
633;7;89
633;8;78
633;9;12
633;10;94
633;11;0
634;1;15
634;2;55
634;3;83
634;4;58
634;5;40
634;6;92
634;7;70
634;8;41
634;9;62
634;10;89
634;11;0
635;1;82
635;2;100
635;3;18
635;4;2
635;5;79
635;6;90
635;7;69
635;8;88
635;9;81
635;10;54
635;11;0
636;1;96
636;2;80
636;3;1
636;4;79
636;5;25
636;6;22
636;7;16
636;8;40
636;9;47
636;10;15
636;11;0
637;1;82
637;2;38
637;3;8
637;4;70
637;5;51
637;6;45
637;7;81
637;8;79
637;9;14
637;10;35
637;11;0
638;1;58
638;2;89
638;3;35
638;4;40
638;5;34
638;6;19
638;7;36
638;8;75
638;9;71
638;10;17
638;11;0
639;1;2
639;2;1
639;3;49
639;4;3
639;5;63
639;6;19
639;7;74
639;8;60
639;9;39
639;10;69
639;11;0
640;1;2
640;2;71
640;3;26
640;4;39
640;5;75
640;6;28
640;7;44
640;8;87
640;9;53
640;10;50
640;11;0
641;1;33
641;2;76
641;3;81
641;4;16
641;5;52
641;6;43
641;7;38
641;8;100
641;9;93
641;10;99
641;11;0
642;1;13
642;2;98
642;3;81
642;4;74
642;5;100
642;6;42
642;7;40
642;8;15
642;9;99
642;10;41
642;11;0
643;1;31
643;2;40
643;3;24
643;4;85
643;5;3
643;6;58
643;7;14
643;8;25
643;9;37
643;10;16
643;11;0
644;1;11
644;2;77
644;3;75
644;4;22
644;5;37
644;6;95
644;7;81
644;8;83
644;9;45
644;10;64
644;11;0
645;1;60
645;2;67
645;3;44
645;4;97
645;5;3
645;6;68
645;7;80
645;8;36
645;9;33
645;10;24
645;11;0
646;1;11
646;2;84
646;3;40
646;4;68
646;5;93
646;6;13
646;7;72
646;8;4
646;9;96
646;10;83
646;11;0
647;1;20
647;2;75
647;3;2
647;4;12
647;5;6
647;6;78
647;7;48
647;8;64
647;9;36
647;10;13
647;11;0
648;1;11
648;2;27
648;3;45
648;4;98
648;5;22
648;6;7
648;7;86
648;8;66
648;9;92
648;10;10
648;11;0
649;1;53
649;2;95
649;3;67
649;4;19
649;5;76
649;6;22
649;7;30
649;8;72
649;9;15
649;10;51
649;11;0
650;1;66
650;2;76
650;3;42
650;4;63
650;5;78
650;6;81
650;7;45
650;8;61
650;9;34
650;10;58
650;11;0
651;1;23
651;2;66
651;3;47
651;4;20
651;5;25
651;6;9
651;7;57
651;8;8
651;9;86
651;10;96
651;11;0
652;1;65
652;2;3
652;3;38
652;4;40
652;5;52
652;6;26
652;7;13
652;8;35
652;9;81
652;10;91
652;11;0
653;1;30
653;2;45
653;3;37
653;4;72
653;5;2
653;6;63
653;7;1
653;8;99
653;9;54
653;10;68
653;11;0
654;1;16
654;2;96
654;3;15
654;4;66
654;5;6
654;6;45
654;7;60
654;8;40
654;9;29
654;10;58
654;11;0
655;1;75
655;2;12
655;3;36
655;4;48
655;5;81
655;6;93
655;7;47
655;8;63
655;9;60
655;10;13
655;11;0
656;1;71
656;2;5
656;3;8
656;4;85
656;5;26
656;6;48
656;7;4
656;8;100
656;9;28
656;10;83
656;11;0
657;1;100
657;2;94
657;3;26
657;4;28
657;5;32
657;6;18
657;7;84
657;8;39
657;9;72
657;10;43
657;11;0
658;1;33
658;2;51
658;3;10
658;4;50
658;5;46
658;6;4
658;7;73
658;8;5
658;9;100
658;10;16
658;11;0
659;1;6
659;2;40
659;3;11
659;4;91
659;5;88
659;6;65
659;7;19
659;8;24
659;9;25
659;10;26
659;11;0
660;1;14
660;2;2
660;3;90
660;4;29
660;5;51
660;6;49
660;7;28
660;8;86
660;9;85
660;10;9
660;11;0
661;1;99
661;2;18
661;3;1
661;4;58
661;5;83
661;6;90
661;7;96
661;8;5
661;9;4
661;10;50
661;11;0
662;1;37
662;2;28
662;3;63
662;4;70
662;5;62
662;6;84
662;7;33
662;8;71
662;9;47
662;10;35
662;11;0
663;1;43
663;2;49
663;3;26
663;4;46
663;5;82
663;6;73
663;7;5
663;8;71
663;9;1
663;10;89
663;11;0
664;1;15
664;2;56
664;3;51
664;4;93
664;5;61
664;6;59
664;7;80
664;8;41
664;9;84
664;10;5
664;11;0
665;1;36
665;2;50
665;3;43
665;4;53
665;5;5
665;6;11
665;7;63
665;8;47
665;9;83
665;10;70
665;11;0
666;1;93
666;2;3
666;3;65
666;4;1
666;5;20
666;6;2
666;7;76
666;8;33
666;9;79
666;10;24
666;11;0
667;1;4
667;2;14
667;3;69
667;4;82
667;5;74
667;6;58
667;7;40
667;8;75
667;9;46
667;10;71
667;11;0
668;1;69
668;2;65
668;3;10
668;4;56
668;5;44
668;6;60
668;7;73
668;8;9
668;9;76
668;10;57
668;11;0
669;1;70
669;2;91
669;3;23
669;4;53
669;5;74
669;6;52
669;7;55
669;8;37
669;9;65
669;10;80
669;11;0
670;1;43
670;2;85
670;3;87
670;4;61
670;5;69
670;6;53
670;7;59
670;8;94
670;9;75
670;10;82
670;11;0
671;1;35
671;2;95
671;3;44
671;4;81
671;5;96
671;6;36
671;7;57
671;8;58
671;9;63
671;10;67
671;11;0
672;1;88
672;2;64
672;3;85
672;4;52
672;5;51
672;6;78
672;7;49
672;8;74
672;9;70
672;10;18
672;11;0
673;1;79
673;2;61
673;3;94
673;4;49
673;5;48
673;6;43
673;7;54
673;8;15
673;9;41
673;10;76
673;11;0
674;1;75
674;2;64
674;3;51
674;4;85
674;5;63
674;6;89
674;7;39
674;8;74
674;9;83
674;10;18
674;11;0
675;1;98
675;2;17
675;3;84
675;4;44
675;5;91
675;6;67
675;7;29
675;8;88
675;9;83
675;10;78
675;11;0
676;1;51
676;2;70
676;3;81
676;4;92
676;5;2
676;6;85
676;7;32
676;8;58
676;9;38
676;10;95
676;11;0
677;1;22
677;2;48
677;3;56
677;4;33
677;5;39
677;6;6
677;7;3
677;8;19
677;9;73
677;10;64
677;11;0
678;1;89
678;2;23
678;3;33
678;4;17
678;5;50
678;6;46
678;7;65
678;8;78
678;9;20
678;10;32
678;11;0
679;1;73
679;2;51
679;3;41
679;4;61
679;5;43
679;6;97
679;7;1
679;8;91
679;9;85
679;10;89
679;11;0
680;1;20
680;2;100
680;3;50
680;4;62
680;5;8
680;6;2
680;7;28
680;8;77
680;9;5
680;10;32
680;11;0
681;1;97
681;2;94
681;3;29
681;4;57
681;5;64
681;6;49
681;7;36
681;8;68
681;9;12
681;10;47
681;11;0
682;1;36
682;2;4
682;3;59
682;4;32
682;5;27
682;6;13
682;7;94
682;8;79
682;9;75
682;10;49
682;11;0
683;1;12
683;2;80
683;3;32
683;4;25
683;5;98
683;6;3
683;7;91
683;8;60
683;9;55
683;10;56
683;11;0
684;1;62
684;2;29
684;3;96
684;4;12
684;5;69
684;6;89
684;7;27
684;8;52
684;9;97
684;10;94
684;11;0
685;1;47
685;2;28
685;3;17
685;4;53
685;5;97
685;6;14
685;7;43
685;8;66
685;9;62
685;10;27
685;11;0
686;1;1
686;2;60
686;3;32
686;4;37
686;5;95
686;6;45
686;7;24
686;8;31
686;9;64
686;10;71
686;11;0
687;1;88
687;2;73
687;3;56
687;4;93
687;5;55
687;6;1
687;7;69
687;8;3
687;9;99
687;10;92
687;11;0
688;1;87
688;2;92
688;3;28
688;4;76
688;5;100
688;6;19
688;7;25
688;8;42
688;9;73
688;10;3
688;11;0
689;1;38
689;2;92
689;3;18
689;4;95
689;5;48
689;6;93
689;7;14
689;8;19
689;9;69
689;10;32
689;11;0
690;1;7
690;2;43
690;3;52
690;4;25
690;5;36
690;6;73
690;7;11
690;8;83
690;9;13
690;10;80
690;11;0
691;1;86
691;2;73
691;3;59
691;4;38
691;5;40
691;6;83
691;7;72
691;8;5
691;9;53
691;10;78
691;11;0
692;1;75
692;2;21
692;3;65
692;4;69
692;5;92
692;6;97
692;7;24
692;8;42
692;9;3
692;10;99
692;11;0
693;1;81
693;2;71
693;3;56
693;4;22
693;5;1
693;6;3
693;7;80
693;8;58
693;9;17
693;10;35
693;11;0
694;1;54
694;2;82
694;3;29
694;4;91
694;5;63
694;6;5
694;7;95
694;8;48
694;9;60
694;10;12
694;11;0
695;1;73
695;2;13
695;3;48
695;4;39
695;5;83
695;6;76
695;7;63
695;8;21
695;9;35
695;10;59
695;11;0
696;1;2
696;2;67
696;3;52
696;4;96
696;5;10
696;6;5
696;7;27
696;8;76
696;9;17
696;10;55
696;11;0
697;1;18
697;2;72
697;3;26
697;4;37
697;5;57
697;6;100
697;7;52
697;8;29
697;9;38
697;10;21
697;11;0
698;1;18
698;2;57
698;3;7
698;4;87
698;5;24
698;6;98
698;7;96
698;8;71
698;9;69
698;10;51
698;11;0
699;1;3
699;2;54
699;3;52
699;4;23
699;5;31
699;6;76
699;7;84
699;8;87
699;9;79
699;10;58
699;11;0
700;1;39
700;2;61
700;3;82
700;4;1
700;5;74
700;6;16
700;7;57
700;8;78
700;9;29
700;10;58
700;11;0
701;1;60
701;2;1
701;3;96
701;4;41
701;5;7
701;6;74
701;7;12
701;8;54
701;9;93
701;10;34
701;11;0
702;1;28
702;2;84
702;3;65
702;4;46
702;5;61
702;6;76
702;7;62
702;8;24
702;9;41
702;10;6
702;11;0
703;1;82
703;2;27
703;3;79
703;4;31
703;5;32
703;6;44
703;7;91
703;8;18
703;9;16
703;10;72
703;11;0
704;1;17
704;2;68
704;3;94
704;4;29
704;5;47
704;6;18
704;7;44
704;8;95
704;9;97
704;10;2
704;11;0
705;1;35
705;2;3
705;3;29
705;4;56
705;5;95
705;6;53
705;7;40
705;8;99
705;9;84
705;10;74
705;11;0
706;1;15
706;2;43
706;3;54
706;4;49
706;5;60
706;6;35
706;7;64
706;8;86
706;9;8
706;10;73
706;11;0
707;1;53
707;2;73
707;3;11
707;4;86
707;5;37
707;6;32
707;7;57
707;8;68
707;9;35
707;10;66
707;11;0
708;1;53
708;2;40
708;3;96
708;4;23
708;5;65
708;6;21
708;7;100
708;8;55
708;9;92
708;10;8
708;11;0
709;1;35
709;2;21
709;3;55
709;4;67
709;5;43
709;6;40
709;7;47
709;8;27
709;9;82
709;10;79
709;11;0
710;1;28
710;2;57
710;3;3
710;4;2
710;5;34
710;6;47
710;7;71
710;8;70
710;9;35
710;10;79
710;11;0
711;1;85
711;2;23
711;3;27
711;4;49
711;5;22
711;6;96
711;7;87
711;8;32
711;9;81
711;10;25
711;11;0
712;1;42
712;2;73
712;3;10
712;4;37
712;5;96
712;6;30
712;7;83
712;8;20
712;9;4
712;10;52
712;11;0
713;1;43
713;2;17
713;3;42
713;4;75
713;5;6
713;6;86
713;7;47
713;8;38
713;9;16
713;10;93
713;11;0
714;1;47
714;2;78
714;3;38
714;4;57
714;5;49
714;6;20
714;7;35
714;8;8
714;9;51
714;10;62
714;11;0
715;1;4
715;2;62
715;3;98
715;4;84
715;5;100
715;6;77
715;7;55
715;8;93
715;9;36
715;10;82
715;11;0
716;1;79
716;2;77
716;3;62
716;4;40
716;5;16
716;6;43
716;7;78
716;8;94
716;9;23
716;10;89
716;11;0
717;1;66
717;2;49
717;3;9
717;4;32
717;5;55
717;6;59
717;7;33
717;8;38
717;9;75
717;10;37
717;11;0
718;1;2
718;2;12
718;3;59
718;4;72
718;5;27
718;6;87
718;7;31
718;8;97
718;9;66
718;10;62
718;11;0
719;1;7
719;2;3
719;3;51
719;4;66
719;5;90
719;6;18
719;7;98
719;8;94
719;9;85
719;10;48
719;11;0
720;1;75
720;2;89
720;3;17
720;4;39
720;5;53
720;6;6
720;7;92
720;8;19
720;9;20
720;10;63
720;11;0
721;1;8
721;2;22
721;3;52
721;4;25
721;5;56
721;6;66
721;7;67
721;8;92
721;9;20
721;10;21
721;11;0
722;1;21
722;2;77
722;3;25
722;4;19
722;5;10
722;6;32
722;7;54
722;8;40
722;9;81
722;10;12
722;11;0
723;1;71
723;2;91
723;3;5
723;4;86
723;5;35
723;6;11
723;7;33
723;8;22
723;9;89
723;10;46
723;11;0
724;1;53
724;2;7
724;3;15
724;4;83
724;5;74
724;6;12
724;7;82
724;8;27
724;9;68
724;10;13
724;11;0
725;1;44
725;2;95
725;3;82
725;4;37
725;5;77
725;6;84
725;7;99
725;8;26
725;9;5
725;10;31
725;11;0
726;1;64
726;2;58
726;3;67
726;4;75
726;5;60
726;6;38
726;7;45
726;8;26
726;9;6
726;10;14
726;11;0
727;1;9
727;2;71
727;3;2
727;4;42
727;5;100
727;6;86
727;7;68
727;8;49
727;9;56
727;10;69
727;11;0
728;1;96
728;2;84
728;3;57
728;4;72
728;5;56
728;6;31
728;7;3
728;8;6
728;9;73
728;10;8
728;11;0
729;1;21
729;2;31
729;3;44
729;4;50
729;5;16
729;6;37
729;7;10
729;8;38
729;9;69
729;10;23
729;11;0
730;1;45
730;2;10
730;3;56
730;4;75
730;5;34
730;6;91
730;7;19
730;8;16
730;9;5
730;10;63
730;11;0
731;1;46
731;2;11
731;3;76
731;4;16
731;5;83
731;6;72
731;7;82
731;8;24
731;9;59
731;10;97
731;11;0
732;1;13
732;2;19
732;3;98
732;4;47
732;5;96
732;6;54
732;7;4
732;8;94
732;9;88
732;10;40
732;11;0
733;1;33
733;2;67
733;3;66
733;4;9
733;5;38
733;6;6
733;7;21
733;8;98
733;9;74
733;10;68
733;11;0
734;1;73
734;2;41
734;3;54
734;4;26
734;5;25
734;6;56
734;7;59
734;8;72
734;9;14
734;10;99
734;11;0
735;1;75
735;2;14
735;3;15
735;4;78
735;5;47
735;6;16
735;7;89
735;8;91
735;9;29
735;10;64
735;11;0
736;1;99
736;2;1
736;3;16
736;4;36
736;5;80
736;6;59
736;7;95
736;8;62
736;9;43
736;10;82
736;11;0
737;1;82
737;2;46
737;3;87
737;4;75
737;5;62
737;6;49
737;7;39
737;8;67
737;9;6
737;10;100
737;11;0
738;1;5
738;2;52
738;3;100
738;4;11
738;5;74
738;6;1
738;7;72
738;8;85
738;9;14
738;10;47
738;11;0
739;1;58
739;2;53
739;3;40
739;4;37
739;5;1
739;6;66
739;7;50
739;8;16
739;9;25
739;10;33
739;11;0
740;1;50
740;2;86
740;3;38
740;4;51
740;5;47
740;6;4
740;7;96
740;8;91
740;9;69
740;10;27
740;11;0
741;1;10
741;2;98
741;3;76
741;4;36
741;5;44
741;6;50
741;7;93
741;8;40
741;9;94
741;10;3
741;11;0
742;1;73
742;2;17
742;3;37
742;4;56
742;5;42
742;6;65
742;7;55
742;8;77
742;9;80
742;10;50
742;11;0
743;1;1
743;2;37
743;3;36
743;4;84
743;5;41
743;6;68
743;7;27
743;8;32
743;9;23
743;10;89
743;11;0
744;1;83
744;2;51
744;3;26
744;4;6
744;5;36
744;6;73
744;7;93
744;8;34
744;9;66
744;10;67
744;11;0
745;1;71
745;2;22
745;3;59
745;4;9
745;5;29
745;6;91
745;7;1
745;8;82
745;9;12
745;10;46
745;11;0
746;1;33
746;2;74
746;3;46
746;4;60
746;5;21
746;6;5
746;7;65
746;8;89
746;9;37
746;10;81
746;11;0
747;1;15
747;2;34
747;3;100
747;4;18
747;5;53
747;6;44
747;7;89
747;8;88
747;9;85
747;10;2
747;11;0
748;1;59
748;2;95
748;3;12
748;4;23
748;5;83
748;6;67
748;7;84
748;8;29
748;9;99
748;10;80
748;11;0
749;1;95
749;2;69
749;3;47
749;4;76
749;5;20
749;6;74
749;7;73
749;8;40
749;9;5
749;10;9
749;11;0
750;1;9
750;2;80
750;3;25
750;4;29
750;5;78
750;6;33
750;7;71
750;8;26
750;9;4
750;10;53
750;11;0
751;1;85
751;2;36
751;3;56
751;4;38
751;5;19
751;6;91
751;7;50
751;8;66
751;9;88
751;10;67
751;11;0
752;1;3
752;2;75
752;3;48
752;4;2
752;5;72
752;6;9
752;7;88
752;8;44
752;9;71
752;10;55
752;11;0
753;1;32
753;2;87
753;3;5
753;4;44
753;5;40
753;6;4
753;7;90
753;8;13
753;9;3
753;10;81
753;11;0
754;1;46
754;2;72
754;3;83
754;4;22
754;5;37
754;6;18
754;7;79
754;8;30
754;9;73
754;10;61
754;11;0
755;1;87
755;2;2
755;3;95
755;4;57
755;5;72
755;6;22
755;7;84
755;8;76
755;9;78
755;10;42
755;11;0
756;1;68
756;2;38
756;3;5
756;4;92
756;5;14
756;6;59
756;7;61
756;8;76
756;9;93
756;10;28
756;11;0
757;1;4
757;2;20
757;3;24
757;4;71
757;5;2
757;6;30
757;7;94
757;8;31
757;9;52
757;10;26
757;11;0
758;1;68
758;2;37
758;3;36
758;4;69
758;5;50
758;6;2
758;7;18
758;8;81
758;9;55
758;10;59
758;11;0
759;1;19
759;2;95
759;3;17
759;4;1
759;5;98
759;6;3
759;7;94
759;8;74
759;9;35
759;10;32
759;11;0
760;1;35
760;2;60
760;3;17
760;4;71
760;5;79
760;6;76
760;7;96
760;8;49
760;9;84
760;10;77
760;11;0
761;1;98
761;2;76
761;3;39
761;4;22
761;5;32
761;6;93
761;7;99
761;8;87
761;9;14
761;10;56
761;11;0
762;1;69
762;2;17
762;3;46
762;4;27
762;5;56
762;6;16
762;7;39
762;8;75
762;9;91
762;10;23
762;11;0
763;1;90
763;2;97
763;3;20
763;4;53
763;5;4
763;6;26
763;7;18
763;8;13
763;9;36
763;10;84
763;11;0
764;1;54
764;2;31
764;3;25
764;4;76
764;5;68
764;6;5
764;7;51
764;8;78
764;9;41
764;10;4
764;11;0
765;1;2
765;2;31
765;3;48
765;4;25
765;5;55
765;6;97
765;7;82
765;8;44
765;9;98
765;10;72
765;11;0
766;1;96
766;2;75
766;3;47
766;4;91
766;5;64
766;6;86
766;7;5
766;8;31
766;9;93
766;10;51
766;11;0
767;1;67
767;2;45
767;3;20
767;4;13
767;5;8
767;6;59
767;7;55
767;8;50
767;9;29
767;10;15
767;11;0
768;1;47
768;2;39
768;3;91
768;4;89
768;5;1
768;6;3
768;7;9
768;8;5
768;9;79
768;10;22
768;11;0
769;1;10
769;2;11
769;3;59
769;4;6
769;5;21
769;6;46
769;7;41
769;8;23
769;9;38
769;10;26
769;11;0
770;1;26
770;2;29
770;3;42
770;4;24
770;5;23
770;6;95
770;7;73
770;8;4
770;9;31
770;10;5
770;11;0
771;1;75
771;2;55
771;3;61
771;4;35
771;5;36
771;6;14
771;7;53
771;8;15
771;9;39
771;10;79
771;11;0
772;1;32
772;2;72
772;3;88
772;4;5
772;5;31
772;6;53
772;7;68
772;8;56
772;9;13
772;10;74
772;11;0
773;1;2
773;2;8
773;3;79
773;4;16
773;5;85
773;6;70
773;7;93
773;8;71
773;9;45
773;10;1
773;11;0
774;1;90
774;2;18
774;3;69
774;4;94
774;5;22
774;6;58
774;7;66
774;8;40
774;9;19
774;10;46
774;11;0
775;1;72
775;2;51
775;3;55
775;4;97
775;5;2
775;6;82
775;7;69
775;8;4
775;9;83
775;10;62
775;11;0
776;1;71
776;2;85
776;3;66
776;4;19
776;5;21
776;6;58
776;7;80
776;8;25
776;9;62
776;10;100
776;11;0
777;1;16
777;2;59
777;3;64
777;4;38
777;5;61
777;6;96
777;7;51
777;8;90
777;9;67
777;10;45
777;11;0
778;1;83
778;2;69
778;3;18
778;4;23
778;5;48
778;6;97
778;7;41
778;8;55
778;9;88
778;10;75
778;11;0
779;1;15
779;2;17
779;3;18
779;4;38
779;5;50
779;6;96
779;7;65
779;8;61
779;9;74
779;10;44
779;11;0
780;1;21
780;2;7
780;3;66
780;4;60
780;5;34
780;6;86
780;7;80
780;8;12
780;9;32
780;10;73
780;11;0
781;1;58
781;2;70
781;3;85
781;4;81
781;5;89
781;6;43
781;7;73
781;8;75
781;9;10
781;10;24
781;11;0
782;1;9
782;2;14
782;3;68
782;4;60
782;5;91
782;6;54
782;7;32
782;8;53
782;9;90
782;10;76
782;11;0
783;1;52
783;2;67
783;3;15
783;4;36
783;5;19
783;6;11
783;7;16
783;8;75
783;9;92
783;10;68
783;11;0
784;1;29
784;2;11
784;3;36
784;4;60
784;5;4
784;6;24
784;7;68
784;8;75
784;9;89
784;10;16
784;11;0
785;1;50
785;2;23
785;3;47
785;4;19
785;5;88
785;6;100
785;7;38
785;8;81
785;9;46
785;10;21
785;11;0
786;1;43
786;2;32
786;3;84
786;4;34
786;5;1
786;6;13
786;7;87
786;8;15
786;9;39
786;10;67
786;11;0
787;1;35
787;2;10
787;3;100
787;4;77
787;5;52
787;6;73
787;7;48
787;8;78
787;9;95
787;10;69
787;11;0
788;1;100
788;2;54
788;3;98
788;4;33
788;5;80
788;6;66
788;7;72
788;8;75
788;9;41
788;10;89
788;11;0
789;1;86
789;2;12
789;3;11
789;4;21
789;5;37
789;6;100
789;7;9
789;8;17
789;9;49
789;10;98
789;11;0
790;1;98
790;2;65
790;3;84
790;4;55
790;5;72
790;6;30
790;7;40
790;8;94
790;9;41
790;10;50
790;11;0
791;1;22
791;2;84
791;3;97
791;4;17
791;5;21
791;6;51
791;7;71
791;8;88
791;9;7
791;10;9
791;11;0
792;1;76
792;2;85
792;3;69
792;4;89
792;5;42
792;6;44
792;7;59
792;8;93
792;9;37
792;10;58
792;11;0
793;1;28
793;2;37
793;3;44
793;4;23
793;5;40
793;6;76
793;7;54
793;8;87
793;9;26
793;10;49
793;11;0
794;1;13
794;2;83
794;3;66
794;4;99
794;5;48
794;6;2
794;7;70
794;8;3
794;9;88
794;10;93
794;11;0
795;1;1
795;2;94
795;3;6
795;4;49
795;5;39
795;6;84
795;7;21
795;8;92
795;9;44
795;10;82
795;11;0
796;1;36
796;2;44
796;3;6
796;4;16
796;5;54
796;6;10
796;7;97
796;8;27
796;9;58
796;10;23
796;11;0
797;1;49
797;2;65
797;3;22
797;4;33
797;5;53
797;6;62
797;7;68
797;8;5
797;9;90
797;10;81
797;11;0
798;1;66
798;2;53
798;3;48
798;4;97
798;5;33
798;6;40
798;7;58
798;8;27
798;9;89
798;10;28
798;11;0
799;1;52
799;2;42
799;3;64
799;4;77
799;5;37
799;6;2
799;7;81
799;8;55
799;9;38
799;10;40
799;11;0
800;1;94
800;2;63
800;3;3
800;4;22
800;5;90
800;6;98
800;7;36
800;8;74
800;9;33
800;10;31
800;11;0
801;1;32
801;2;87
801;3;21
801;4;24
801;5;74
801;6;96
801;7;98
801;8;10
801;9;80
801;10;72
801;11;0
802;1;47
802;2;1
802;3;23
802;4;58
802;5;19
802;6;32
802;7;44
802;8;46
802;9;88
802;10;70
802;11;0
803;1;28
803;2;80
803;3;53
803;4;98
803;5;58
803;6;57
803;7;92
803;8;30
803;9;64
803;10;77
803;11;0
804;1;100
804;2;5
804;3;45
804;4;28
804;5;91
804;6;7
804;7;22
804;8;75
804;9;15
804;10;11
804;11;0
805;1;75
805;2;38
805;3;4
805;4;56
805;5;57
805;6;22
805;7;30
805;8;71
805;9;79
805;10;95
805;11;0
806;1;52
806;2;55
806;3;66
806;4;1
806;5;69
806;6;42
806;7;64
806;8;50
806;9;34
806;10;19
806;11;0
807;1;60
807;2;30
807;3;53
807;4;58
807;5;96
807;6;25
807;7;44
807;8;81
807;9;76
807;10;79
807;11;0
808;1;11
808;2;22
808;3;44
808;4;46
808;5;92
808;6;21
808;7;30
808;8;40
808;9;5
808;10;60
808;11;0
809;1;82
809;2;31
809;3;6
809;4;41
809;5;62
809;6;32
809;7;28
809;8;38
809;9;37
809;10;69
809;11;0
810;1;91
810;2;46
810;3;97
810;4;77
810;5;44
810;6;63
810;7;30
810;8;81
810;9;10
810;10;87
810;11;0
811;1;91
811;2;70
811;3;94
811;4;57
811;5;76
811;6;96
811;7;2
811;8;45
811;9;62
811;10;9
811;11;0
812;1;36
812;2;73
812;3;65
812;4;68
812;5;82
812;6;21
812;7;49
812;8;70
812;9;57
812;10;25
812;11;0
813;1;50
813;2;17
813;3;27
813;4;97
813;5;92
813;6;18
813;7;39
813;8;88
813;9;89
813;10;5
813;11;0
814;1;76
814;2;81
814;3;8
814;4;42
814;5;58
814;6;23
814;7;98
814;8;2
814;9;88
814;10;18
814;11;0
815;1;88
815;2;41
815;3;89
815;4;80
815;5;56
815;6;29
815;7;74
815;8;1
815;9;27
815;10;75
815;11;0
816;1;97
816;2;31
816;3;57
816;4;61
816;5;9
816;6;71
816;7;33
816;8;98
816;9;79
816;10;55
816;11;0
817;1;60
817;2;31
817;3;12
817;4;2
817;5;14
817;6;19
817;7;20
817;8;29
817;9;77
817;10;33
817;11;0
818;1;23
818;2;60
818;3;41
818;4;85
818;5;2
818;6;72
818;7;6
818;8;80
818;9;67
818;10;44
818;11;0
819;1;98
819;2;74
819;3;25
819;4;14
819;5;55
819;6;17
819;7;53
819;8;12
819;9;86
819;10;88
819;11;0
820;1;6
820;2;45
820;3;98
820;4;90
820;5;56
820;6;88
820;7;67
820;8;71
820;9;55
820;10;21
820;11;0
821;1;90
821;2;62
821;3;34
821;4;78
821;5;100
821;6;92
821;7;95
821;8;1
821;9;26
821;10;40
821;11;0
822;1;14
822;2;58
822;3;5
822;4;68
822;5;52
822;6;1
822;7;69
822;8;44
822;9;78
822;10;16
822;11;0
823;1;56
823;2;95
823;3;49
823;4;77
823;5;42
823;6;44
823;7;85
823;8;52
823;9;100
823;10;9
823;11;0
824;1;17
824;2;27
824;3;60
824;4;99
824;5;29
824;6;84
824;7;62
824;8;39
824;9;56
824;10;54
824;11;0
825;1;19
825;2;6
825;3;73
825;4;94
825;5;1
825;6;83
825;7;80
825;8;16
825;9;66
825;10;37
825;11;0
826;1;63
826;2;62
826;3;71
826;4;25
826;5;49
826;6;20
826;7;51
826;8;31
826;9;18
826;10;64
826;11;0
827;1;61
827;2;63
827;3;18
827;4;8
827;5;87
827;6;49
827;7;83
827;8;6
827;9;51
827;10;86
827;11;0
828;1;12
828;2;29
828;3;99
828;4;94
828;5;33
828;6;20
828;7;10
828;8;81
828;9;75
828;10;52
828;11;0
829;1;35
829;2;2
829;3;39
829;4;61
829;5;20
829;6;82
829;7;23
829;8;17
829;9;31
829;10;53
829;11;0
830;1;34
830;2;98
830;3;76
830;4;59
830;5;70
830;6;15
830;7;69
830;8;8
830;9;37
830;10;21
830;11;0
831;1;12
831;2;80
831;3;39
831;4;17
831;5;44
831;6;29
831;7;49
831;8;31
831;9;34
831;10;92
831;11;0
832;1;13
832;2;39
832;3;52
832;4;77
832;5;69
832;6;45
832;7;59
832;8;93
832;9;7
832;10;36
832;11;0
833;1;53
833;2;36
833;3;100
833;4;68
833;5;39
833;6;45
833;7;33
833;8;44
833;9;7
833;10;16
833;11;0
834;1;72
834;2;62
834;3;4
834;4;10
834;5;42
834;6;37
834;7;51
834;8;25
834;9;20
834;10;63
834;11;0
835;1;64
835;2;39
835;3;100
835;4;59
835;5;51
835;6;38
835;7;74
835;8;79
835;9;73
835;10;58
835;11;0
836;1;26
836;2;84
836;3;10
836;4;29
836;5;50
836;6;2
836;7;81
836;8;63
836;9;49
836;10;70
836;11;0
837;1;79
837;2;3
837;3;84
837;4;63
837;5;1
837;6;21
837;7;12
837;8;52
837;9;8
837;10;31
837;11;0
838;1;45
838;2;51
838;3;25
838;4;34
838;5;5
838;6;26
838;7;77
838;8;85
838;9;4
838;10;35
838;11;0
839;1;47
839;2;52
839;3;64
839;4;99
839;5;33
839;6;59
839;7;10
839;8;17
839;9;68
839;10;73
839;11;0
840;1;21
840;2;8
840;3;63
840;4;45
840;5;60
840;6;31
840;7;47
840;8;99
840;9;57
840;10;89
840;11;0
841;1;31
841;2;25
841;3;19
841;4;33
841;5;34
841;6;92
841;7;18
841;8;95
841;9;58
841;10;56
841;11;0
842;1;57
842;2;73
842;3;13
842;4;35
842;5;11
842;6;20
842;7;95
842;8;87
842;9;24
842;10;59
842;11;0
843;1;27
843;2;54
843;3;96
843;4;5
843;5;98
843;6;60
843;7;4
843;8;48
843;9;37
843;10;65
843;11;0
844;1;50
844;2;30
844;3;67
844;4;76
844;5;22
844;6;75
844;7;29
844;8;90
844;9;13
844;10;64
844;11;0
845;1;100
845;2;70
845;3;94
845;4;42
845;5;10
845;6;49
845;7;45
845;8;46
845;9;32
845;10;31
845;11;0
846;1;85
846;2;51
846;3;71
846;4;15
846;5;89
846;6;18
846;7;48
846;8;43
846;9;66
846;10;78
846;11;0
847;1;82
847;2;50
847;3;43
847;4;78
847;5;60
847;6;99
847;7;49
847;8;63
847;9;56
847;10;33
847;11;0
848;1;62
848;2;92
848;3;19
848;4;54
848;5;74
848;6;38
848;7;27
848;8;61
848;9;65
848;10;40
848;11;0
849;1;45
849;2;4
849;3;59
849;4;27
849;5;73
849;6;82
849;7;24
849;8;16
849;9;94
849;10;83
849;11;0
850;1;77
850;2;36
850;3;52
850;4;51
850;5;37
850;6;47
850;7;73
850;8;9
850;9;53
850;10;86
850;11;0
851;1;63
851;2;23
851;3;50
851;4;32
851;5;70
851;6;51
851;7;15
851;8;2
851;9;87
851;10;78
851;11;0
852;1;1
852;2;50
852;3;7
852;4;87
852;5;86
852;6;89
852;7;38
852;8;60
852;9;30
852;10;65
852;11;0
853;1;79
853;2;30
853;3;24
853;4;69
853;5;85
853;6;31
853;7;5
853;8;15
853;9;45
853;10;99
853;11;0
854;1;21
854;2;19
854;3;54
854;4;66
854;5;95
854;6;37
854;7;9
854;8;79
854;9;93
854;10;69
854;11;0
855;1;70
855;2;32
855;3;100
855;4;93
855;5;97
855;6;24
855;7;83
855;8;29
855;9;28
855;10;7
855;11;0
856;1;72
856;2;67
856;3;10
856;4;85
856;5;99
856;6;7
856;7;13
856;8;33
856;9;25
856;10;50
856;11;0
857;1;32
857;2;95
857;3;33
857;4;50
857;5;79
857;6;55
857;7;84
857;8;28
857;9;61
857;10;6
857;11;0
858;1;3
858;2;40
858;3;24
858;4;13
858;5;29
858;6;1
858;7;64
858;8;85
858;9;69
858;10;74
858;11;0
859;1;73
859;2;49
859;3;77
859;4;84
859;5;21
859;6;74
859;7;12
859;8;70
859;9;72
859;10;31
859;11;0
860;1;40
860;2;2
860;3;3
860;4;38
860;5;14
860;6;42
860;7;50
860;8;55
860;9;1
860;10;97
860;11;0
861;1;95
861;2;79
861;3;59
861;4;38
861;5;8
861;6;39
861;7;34
861;8;26
861;9;9
861;10;15
861;11;0
862;1;6
862;2;65
862;3;53
862;4;80
862;5;69
862;6;90
862;7;82
862;8;22
862;9;4
862;10;3
862;11;0
863;1;66
863;2;27
863;3;57
863;4;48
863;5;76
863;6;75
863;7;86
863;8;18
863;9;51
863;10;95
863;11;0
864;1;7
864;2;86
864;3;50
864;4;56
864;5;13
864;6;71
864;7;82
864;8;59
864;9;93
864;10;42
864;11;0
865;1;95
865;2;100
865;3;13
865;4;89
865;5;18
865;6;44
865;7;12
865;8;66
865;9;49
865;10;45
865;11;0
866;1;76
866;2;94
866;3;87
866;4;83
866;5;28
866;6;37
866;7;93
866;8;99
866;9;72
866;10;62
866;11;0
867;1;6
867;2;62
867;3;8
867;4;92
867;5;18
867;6;56
867;7;16
867;8;81
867;9;33
867;10;4
867;11;0
868;1;63
868;2;24
868;3;71
868;4;81
868;5;73
868;6;75
868;7;100
868;8;72
868;9;99
868;10;83
868;11;0
869;1;73
869;2;83
869;3;88
869;4;90
869;5;19
869;6;9
869;7;14
869;8;2
869;9;10
869;10;81
869;11;0
870;1;87
870;2;74
870;3;39
870;4;52
870;5;14
870;6;71
870;7;95
870;8;85
870;9;57
870;10;55
870;11;0
871;1;23
871;2;46
871;3;10
871;4;13
871;5;37
871;6;76
871;7;53
871;8;69
871;9;84
871;10;20
871;11;0
872;1;97
872;2;81
872;3;96
872;4;5
872;5;8
872;6;61
872;7;45
872;8;77
872;9;98
872;10;78
872;11;0
873;1;3
873;2;5
873;3;53
873;4;92
873;5;38
873;6;88
873;7;42
873;8;78
873;9;32
873;10;9
873;11;0
874;1;39
874;2;77
874;3;31
874;4;100
874;5;88
874;6;2
874;7;72
874;8;59
874;9;75
874;10;42
874;11;0
875;1;48
875;2;57
875;3;92
875;4;35
875;5;45
875;6;20
875;7;17
875;8;43
875;9;40
875;10;77
875;11;0
876;1;48
876;2;58
876;3;60
876;4;22
876;5;85
876;6;68
876;7;71
876;8;92
876;9;57
876;10;10
876;11;0
877;1;54
877;2;40
877;3;49
877;4;3
877;5;73
877;6;90
877;7;97
877;8;4
877;9;11
877;10;24
877;11;0
878;1;17
878;2;65
878;3;83
878;4;81
878;5;82
878;6;25
878;7;62
878;8;86
878;9;8
878;10;64
878;11;0
879;1;29
879;2;13
879;3;60
879;4;74
879;5;73
879;6;89
879;7;21
879;8;50
879;9;78
879;10;16
879;11;0
880;1;57
880;2;69
880;3;79
880;4;33
880;5;58
880;6;55
880;7;10
880;8;50
880;9;93
880;10;83
880;11;0
881;1;94
881;2;17
881;3;63
881;4;5
881;5;92
881;6;64
881;7;54
881;8;71
881;9;7
881;10;37
881;11;0
882;1;72
882;2;56
882;3;82
882;4;53
882;5;13
882;6;52
882;7;51
882;8;97
882;9;69
882;10;86
882;11;0
883;1;97
883;2;75
883;3;6
883;4;5
883;5;37
883;6;57
883;7;70
883;8;66
883;9;1
883;10;15
883;11;0
884;1;8
884;2;33
884;3;66
884;4;92
884;5;46
884;6;49
884;7;94
884;8;47
884;9;17
884;10;67
884;11;0
885;1;44
885;2;52
885;3;40
885;4;34
885;5;43
885;6;20
885;7;74
885;8;60
885;9;12
885;10;24
885;11;0
886;1;14
886;2;46
886;3;24
886;4;10
886;5;16
886;6;91
886;7;79
886;8;71
886;9;92
886;10;31
886;11;0
887;1;67
887;2;83
887;3;61
887;4;4
887;5;2
887;6;93
887;7;44
887;8;89
887;9;77
887;10;68
887;11;0
888;1;80
888;2;73
888;3;96
888;4;41
888;5;46
888;6;27
888;7;92
888;8;74
888;9;79
888;10;67
888;11;0
889;1;52
889;2;9
889;3;37
889;4;16
889;5;30
889;6;21
889;7;86
889;8;20
889;9;84
889;10;6
889;11;0
890;1;32
890;2;38
890;3;40
890;4;42
890;5;27
890;6;98
890;7;48
890;8;67
890;9;68
890;10;36
890;11;0
891;1;5
891;2;15
891;3;98
891;4;20
891;5;89
891;6;70
891;7;65
891;8;9
891;9;96
891;10;3
891;11;0
892;1;84
892;2;20
892;3;19
892;4;7
892;5;25
892;6;42
892;7;29
892;8;76
892;9;44
892;10;17
892;11;0
893;1;66
893;2;82
893;3;45
893;4;23
893;5;16
893;6;47
893;7;38
893;8;41
893;9;20
893;10;93
893;11;0
894;1;65
894;2;24
894;3;2
894;4;7
894;5;10
894;6;79
894;7;69
894;8;78
894;9;82
894;10;4
894;11;0
895;1;95
895;2;72
895;3;86
895;4;12
895;5;39
895;6;3
895;7;33
895;8;69
895;9;82
895;10;77
895;11;0
896;1;5
896;2;60
896;3;62
896;4;7
896;5;34
896;6;36
896;7;32
896;8;45
896;9;84
896;10;23
896;11;0
897;1;67
897;2;69
897;3;54
897;4;96
897;5;5
897;6;80
897;7;90
897;8;31
897;9;72
897;10;91
897;11;0
898;1;79
898;2;93
898;3;80
898;4;41
898;5;12
898;6;100
898;7;86
898;8;23
898;9;92
898;10;13
898;11;0
899;1;99
899;2;66
899;3;31
899;4;85
899;5;24
899;6;34
899;7;2
899;8;19
899;9;59
899;10;77
899;11;0
900;1;88
900;2;60
900;3;34
900;4;26
900;5;52
900;6;40
900;7;64
900;8;76
900;9;11
900;10;3
900;11;0
901;1;92
901;2;99
901;3;67
901;4;72
901;5;82
901;6;66
901;7;3
901;8;36
901;9;100
901;10;24
901;11;0
902;1;45
902;2;76
902;3;64
902;4;58
902;5;30
902;6;86
902;7;21
902;8;97
902;9;29
902;10;18
902;11;0
903;1;2
903;2;25
903;3;33
903;4;57
903;5;87
903;6;92
903;7;1
903;8;29
903;9;56
903;10;44
903;11;0
904;1;43
904;2;66
904;3;73
904;4;95
904;5;60
904;6;6
904;7;2
904;8;82
904;9;33
904;10;16
904;11;0
905;1;25
905;2;37
905;3;42
905;4;29
905;5;81
905;6;14
905;7;50
905;8;24
905;9;45
905;10;69
905;11;0
906;1;8
906;2;69
906;3;25
906;4;36
906;5;91
906;6;100
906;7;62
906;8;81
906;9;72
906;10;68
906;11;0
907;1;87
907;2;37
907;3;53
907;4;99
907;5;54
907;6;77
907;7;97
907;8;18
907;9;50
907;10;8
907;11;0
908;1;48
908;2;66
908;3;1
908;4;71
908;5;18
908;6;35
908;7;54
908;8;81
908;9;92
908;10;41
908;11;0
909;1;4
909;2;36
909;3;84
909;4;70
909;5;69
909;6;53
909;7;50
909;8;76
909;9;86
909;10;47
909;11;0
910;1;14
910;2;44
910;3;64
910;4;21
910;5;43
910;6;23
910;7;81
910;8;10
910;9;40
910;10;92
910;11;0
911;1;9
911;2;6
911;3;1
911;4;12
911;5;68
911;6;30
911;7;42
911;8;70
911;9;80
911;10;19
911;11;0
912;1;28
912;2;75
912;3;40
912;4;44
912;5;65
912;6;94
912;7;91
912;8;80
912;9;84
912;10;90
912;11;0
913;1;79
913;2;14
913;3;96
913;4;99
913;5;29
913;6;78
913;7;83
913;8;2
913;9;55
913;10;69
913;11;0
914;1;21
914;2;15
914;3;14
914;4;92
914;5;65
914;6;9
914;7;67
914;8;48
914;9;56
914;10;85
914;11;0
915;1;35
915;2;15
915;3;76
915;4;40
915;5;24
915;6;16
915;7;68
915;8;90
915;9;65
915;10;78
915;11;0
916;1;57
916;2;23
916;3;48
916;4;2
916;5;33
916;6;75
916;7;4
916;8;35
916;9;49
916;10;18
916;11;0
917;1;65
917;2;38
917;3;20
917;4;8
917;5;27
917;6;86
917;7;28
917;8;41
917;9;34
917;10;57
917;11;0
918;1;29
918;2;11
918;3;69
918;4;89
918;5;53
918;6;87
918;7;28
918;8;59
918;9;36
918;10;30
918;11;0
919;1;76
919;2;19
919;3;46
919;4;91
919;5;17
919;6;71
919;7;50
919;8;7
919;9;35
919;10;84
919;11;0
920;1;33
920;2;92
920;3;37
920;4;73
920;5;75
920;6;9
920;7;22
920;8;66
920;9;93
920;10;36
920;11;0
921;1;52
921;2;88
921;3;67
921;4;75
921;5;56
921;6;95
921;7;84
921;8;45
921;9;78
921;10;87
921;11;0
922;1;40
922;2;59
922;3;44
922;4;60
922;5;95
922;6;50
922;7;87
922;8;35
922;9;67
922;10;16
922;11;0
923;1;13
923;2;77
923;3;51
923;4;99
923;5;46
923;6;27
923;7;39
923;8;89
923;9;3
923;10;81
923;11;0
924;1;11
924;2;40
924;3;81
924;4;69
924;5;43
924;6;26
924;7;53
924;8;60
924;9;89
924;10;41
924;11;0
925;1;36
925;2;81
925;3;59
925;4;82
925;5;1
925;6;86
925;7;99
925;8;38
925;9;6
925;10;64
925;11;0
926;1;41
926;2;50
926;3;34
926;4;94
926;5;76
926;6;59
926;7;57
926;8;29
926;9;54
926;10;3
926;11;0
927;1;27
927;2;25
927;3;48
927;4;56
927;5;93
927;6;49
927;7;65
927;8;95
927;9;57
927;10;18
927;11;0
928;1;81
928;2;69
928;3;85
928;4;78
928;5;75
928;6;17
928;7;20
928;8;100
928;9;91
928;10;10
928;11;0
929;1;60
929;2;41
929;3;29
929;4;24
929;5;55
929;6;61
929;7;56
929;8;50
929;9;8
929;10;74
929;11;0
930;1;44
930;2;34
930;3;81
930;4;86
930;5;38
930;6;36
930;7;51
930;8;22
930;9;52
930;10;17
930;11;0
931;1;33
931;2;41
931;3;36
931;4;67
931;5;49
931;6;88
931;7;32
931;8;100
931;9;79
931;10;89
931;11;0
932;1;73
932;2;11
932;3;98
932;4;4
932;5;86
932;6;71
932;7;61
932;8;67
932;9;53
932;10;78
932;11;0
933;1;16
933;2;30
933;3;8
933;4;76
933;5;5
933;6;79
933;7;31
933;8;55
933;9;74
933;10;84
933;11;0
934;1;72
934;2;68
934;3;41
934;4;37
934;5;97
934;6;23
934;7;50
934;8;12
934;9;32
934;10;99
934;11;0
935;1;61
935;2;55
935;3;13
935;4;30
935;5;37
935;6;47
935;7;79
935;8;78
935;9;14
935;10;22
935;11;0
936;1;34
936;2;25
936;3;72
936;4;96
936;5;64
936;6;58
936;7;2
936;8;51
936;9;66
936;10;19
936;11;0
937;1;22
937;2;52
937;3;29
937;4;54
937;5;84
937;6;42
937;7;64
937;8;79
937;9;68
937;10;46
937;11;0
938;1;84
938;2;35
938;3;47
938;4;65
938;5;12
938;6;20
938;7;95
938;8;49
938;9;74
938;10;70
938;11;0
939;1;68
939;2;28
939;3;99
939;4;62
939;5;27
939;6;100
939;7;40
939;8;70
939;9;31
939;10;19
939;11;0
940;1;21
940;2;96
940;3;55
940;4;82
940;5;23
940;6;78
940;7;34
940;8;22
940;9;93
940;10;25
940;11;0
941;1;32
941;2;1
941;3;82
941;4;51
941;5;93
941;6;70
941;7;15
941;8;34
941;9;2
941;10;3
941;11;0
942;1;25
942;2;10
942;3;96
942;4;68
942;5;89
942;6;22
942;7;44
942;8;72
942;9;81
942;10;71
942;11;0
943;1;26
943;2;76
943;3;30
943;4;64
943;5;94
943;6;50
943;7;78
943;8;62
943;9;79
943;10;45
943;11;0
944;1;30
944;2;15
944;3;3
944;4;77
944;5;10
944;6;50
944;7;54
944;8;82
944;9;31
944;10;78
944;11;0
945;1;80
945;2;91
945;3;99
945;4;47
945;5;39
945;6;12
945;7;70
945;8;29
945;9;79
945;10;24
945;11;0
946;1;20
946;2;16
946;3;78
946;4;87
946;5;31
946;6;21
946;7;22
946;8;76
946;9;52
946;10;83
946;11;0
947;1;62
947;2;98
947;3;59
947;4;4
947;5;72
947;6;56
947;7;28
947;8;37
947;9;53
947;10;30
947;11;0
948;1;12
948;2;82
948;3;8
948;4;9
948;5;62
948;6;28
948;7;59
948;8;44
948;9;88
948;10;90
948;11;0
949;1;43
949;2;36
949;3;50
949;4;9
949;5;76
949;6;49
949;7;55
949;8;88
949;9;93
949;10;73
949;11;0
950;1;12
950;2;5
950;3;56
950;4;80
950;5;68
950;6;76
950;7;83
950;8;35
950;9;67
950;10;7
950;11;0
951;1;72
951;2;9
951;3;27
951;4;65
951;5;94
951;6;38
951;7;23
951;8;78
951;9;96
951;10;75
951;11;0
952;1;90
952;2;64
952;3;52
952;4;76
952;5;14
952;6;42
952;7;37
952;8;24
952;9;79
952;10;60
952;11;0
953;1;99
953;2;81
953;3;16
953;4;52
953;5;48
953;6;88
953;7;62
953;8;73
953;9;4
953;10;41
953;11;0
954;1;53
954;2;50
954;3;64
954;4;59
954;5;82
954;6;70
954;7;36
954;8;2
954;9;65
954;10;67
954;11;0
955;1;69
955;2;100
955;3;32
955;4;17
955;5;54
955;6;52
955;7;35
955;8;96
955;9;37
955;10;53
955;11;0
956;1;84
956;2;37
956;3;43
956;4;63
956;5;29
956;6;33
956;7;48
956;8;89
956;9;18
956;10;35
956;11;0
957;1;20
957;2;37
957;3;19
957;4;16
957;5;48
957;6;27
957;7;21
957;8;14
957;9;88
957;10;53
957;11;0
958;1;82
958;2;95
958;3;68
958;4;41
958;5;88
958;6;26
958;7;93
958;8;49
958;9;5
958;10;46
958;11;0
959;1;75
959;2;53
959;3;79
959;4;37
959;5;30
959;6;59
959;7;42
959;8;100
959;9;35
959;10;76
959;11;0
960;1;14
960;2;2
960;3;77
960;4;27
960;5;73
960;6;54
960;7;40
960;8;56
960;9;29
960;10;60
960;11;0
961;1;43
961;2;55
961;3;51
961;4;53
961;5;22
961;6;4
961;7;74
961;8;32
961;9;67
961;10;95
961;11;0
962;1;86
962;2;97
962;3;48
962;4;54
962;5;7
962;6;43
962;7;67
962;8;74
962;9;29
962;10;98
962;11;0
963;1;24
963;2;9
963;3;13
963;4;82
963;5;93
963;6;97
963;7;68
963;8;61
963;9;71
963;10;46
963;11;0
964;1;10
964;2;46
964;3;96
964;4;71
964;5;31
964;6;35
964;7;73
964;8;60
964;9;16
964;10;33
964;11;0
965;1;40
965;2;58
965;3;17
965;4;45
965;5;31
965;6;16
965;7;96
965;8;55
965;9;84
965;10;86
965;11;0
966;1;47
966;2;70
966;3;35
966;4;86
966;5;46
966;6;77
966;7;90
966;8;76
966;9;25
966;10;95
966;11;0
967;1;24
967;2;49
967;3;25
967;4;17
967;5;82
967;6;7
967;7;85
967;8;15
967;9;41
967;10;63
967;11;0
968;1;65
968;2;18
968;3;63
968;4;76
968;5;72
968;6;43
968;7;62
968;8;7
968;9;67
968;10;13
968;11;0
969;1;11
969;2;10
969;3;50
969;4;82
969;5;51
969;6;68
969;7;46
969;8;76
969;9;34
969;10;71
969;11;0
970;1;19
970;2;41
970;3;72
970;4;26
970;5;7
970;6;86
970;7;83
970;8;44
970;9;33
970;10;61
970;11;0
971;1;32
971;2;47
971;3;33
971;4;96
971;5;36
971;6;54
971;7;17
971;8;75
971;9;88
971;10;72
971;11;0
972;1;98
972;2;95
972;3;21
972;4;11
972;5;24
972;6;46
972;7;83
972;8;31
972;9;75
972;10;14
972;11;0
973;1;98
973;2;62
973;3;51
973;4;68
973;5;81
973;6;67
973;7;49
973;8;92
973;9;94
973;10;13
973;11;0
974;1;81
974;2;15
974;3;45
974;4;98
974;5;53
974;6;31
974;7;94
974;8;8
974;9;60
974;10;86
974;11;0
975;1;59
975;2;73
975;3;61
975;4;13
975;5;22
975;6;37
975;7;97
975;8;62
975;9;92
975;10;95
975;11;0
976;1;71
976;2;18
976;3;91
976;4;74
976;5;15
976;6;75
976;7;60
976;8;81
976;9;63
976;10;41
976;11;0
977;1;75
977;2;81
977;3;74
977;4;32
977;5;24
977;6;22
977;7;1
977;8;72
977;9;23
977;10;92
977;11;0
978;1;63
978;2;51
978;3;78
978;4;80
978;5;39
978;6;26
978;7;56
978;8;67
978;9;37
978;10;23
978;11;0
979;1;96
979;2;14
979;3;51
979;4;40
979;5;7
979;6;25
979;7;92
979;8;6
979;9;48
979;10;69
979;11;0
980;1;100
980;2;53
980;3;60
980;4;17
980;5;69
980;6;6
980;7;22
980;8;14
980;9;75
980;10;32
980;11;0
981;1;87
981;2;11
981;3;25
981;4;33
981;5;65
981;6;34
981;7;50
981;8;72
981;9;100
981;10;89
981;11;0
982;1;96
982;2;76
982;3;64
982;4;63
982;5;11
982;6;81
982;7;14
982;8;41
982;9;67
982;10;17
982;11;0
983;1;40
983;2;41
983;3;49
983;4;44
983;5;92
983;6;86
983;7;100
983;8;62
983;9;58
983;10;80
983;11;0
984;1;94
984;2;30
984;3;53
984;4;72
984;5;44
984;6;19
984;7;31
984;8;59
984;9;58
984;10;15
984;11;0
985;1;70
985;2;60
985;3;36
985;4;28
985;5;71
985;6;54
985;7;11
985;8;74
985;9;94
985;10;72
985;11;0
986;1;12
986;2;20
986;3;60
986;4;100
986;5;2
986;6;10
986;7;97
986;8;52
986;9;94
986;10;40
986;11;0
987;1;38
987;2;98
987;3;53
987;4;25
987;5;43
987;6;5
987;7;52
987;8;32
987;9;35
987;10;34
987;11;0
988;1;63
988;2;12
988;3;27
988;4;2
988;5;45
988;6;81
988;7;55
988;8;83
988;9;32
988;10;34
988;11;0
989;1;91
989;2;31
989;3;34
989;4;75
989;5;74
989;6;36
989;7;98
989;8;16
989;9;82
989;10;24
989;11;0
990;1;14
990;2;93
990;3;73
990;4;70
990;5;59
990;6;44
990;7;56
990;8;52
990;9;30
990;10;5
990;11;0
991;1;55
991;2;77
991;3;39
991;4;37
991;5;71
991;6;38
991;7;6
991;8;99
991;9;69
991;10;12
991;11;0
992;1;21
992;2;73
992;3;56
992;4;16
992;5;86
992;6;61
992;7;69
992;8;36
992;9;91
992;10;9
992;11;0
993;1;37
993;2;13
993;3;7
993;4;77
993;5;11
993;6;47
993;7;74
993;8;57
993;9;39
993;10;64
993;11;0
994;1;71
994;2;99
994;3;43
994;4;98
994;5;50
994;6;18
994;7;58
994;8;44
994;9;97
994;10;27
994;11;0
995;1;8
995;2;5
995;3;99
995;4;1
995;5;9
995;6;64
995;7;2
995;8;72
995;9;49
995;10;19
995;11;0
996;1;1
996;2;55
996;3;63
996;4;61
996;5;73
996;6;18
996;7;67
996;8;59
996;9;83
996;10;82
996;11;0
997;1;54
997;2;46
997;3;97
997;4;96
997;5;12
997;6;38
997;7;88
997;8;19
997;9;80
997;10;68
997;11;0
998;1;1
998;2;50
998;3;65
998;4;8
998;5;77
998;6;12
998;7;98
998;8;27
998;9;11
998;10;67
998;11;0
999;1;100
999;2;46
999;3;31
999;4;77
999;5;12
999;6;74
999;7;58
999;8;3
999;9;10
999;10;39
999;11;0
1000;1;79
1000;2;36
1000;3;51
1000;4;90
1000;5;17
1000;6;29
1000;7;45
1000;8;58
1000;9;93
1000;10;9
1000;11;0
